<?xml version="1.0" encoding="UTF-8" ?>
<?ccsproject version="1.0"?>
<projectOptions>
	<ccsVersion value="9.1.0"/>
	<deviceVariant value="Cortex M.CC1350F128"/>
	<deviceFamily value="TMS470"/>
	<deviceEndianness value="little"/>
	<codegenToolVersion value="18.12.2.LTS"/>
	<isElfFormat value="true"/>
	<connection value="common/targetdb/connections/TIXDS110_Connection.xml"/>
	<rts value=""/>
	<createSlaveProjects value=""/>
	<ignoreDefaultDeviceSettings value="true"/>
	<ignoreDefaultCCSSettings value="true"/>
	<templateProperties value="id=rfPacketTx_CC1350_LAUNCHXL_tirtos_ccs.projectspec.rfPacketTx_CC1350_LAUNCHXL_tirtos_ccs,buildProfile=release,isHybrid=true"/>
	<origin value="C:\ti\simplelink_cc13x0_sdk_3_20_00_23\examples\rtos\CC1350_LAUNCHXL\drivers\rfPacketTx\tirtos\ccs\rfPacketTx_CC1350_LAUNCHXL_tirtos_ccs.projectspec"/>
	<filesToOpen value=""/>
</projectOptions>
