<?xml version="1.0" encoding="UTF-8" standalone="no"?>
<?fileVersion 4.0.0?><cproject storage_type_id="org.eclipse.cdt.core.XmlProjectDescriptionStorage">
	<storageModule configRelations="2" moduleId="org.eclipse.cdt.core.settings">
		<cconfiguration id="com.ti.ccstudio.buildDefinitions.TMS470.Debug.982451348">
			<storageModule buildSystemId="org.eclipse.cdt.managedbuilder.core.configurationDataProvider" id="com.ti.ccstudio.buildDefinitions.TMS470.Debug.982451348" moduleId="org.eclipse.cdt.core.settings" name="Debug">
				<externalSettings/>
				<extensions>
					<extension id="com.ti.ccstudio.binaryparser.CoffParser" point="org.eclipse.cdt.core.BinaryParser"/>
					<extension id="org.eclipse.cdt.core.GmakeErrorParser" point="org.eclipse.cdt.core.ErrorParser"/>
					<extension id="com.ti.ccstudio.errorparser.CoffErrorParser" point="org.eclipse.cdt.core.ErrorParser"/>
					<extension id="com.ti.ccstudio.errorparser.AsmErrorParser" point="org.eclipse.cdt.core.ErrorParser"/>
					<extension id="com.ti.ccstudio.errorparser.LinkErrorParser" point="org.eclipse.cdt.core.ErrorParser"/>
				</extensions>
			</storageModule>
			<storageModule moduleId="cdtBuildSystem" version="4.0.0">
				<configuration artifactExtension="out" artifactName="${ProjName}" buildProperties="" cleanCommand="${CG_CLEAN_CMD}" description="" id="com.ti.ccstudio.buildDefinitions.TMS470.Debug.982451348" name="Debug" parent="com.ti.ccstudio.buildDefinitions.TMS470.Debug" postbuildStep="         " prebuildStep="         ">
					<folderInfo id="com.ti.ccstudio.buildDefinitions.TMS470.Debug.982451348." name="/" resourcePath="">
						<toolChain id="com.ti.ccstudio.buildDefinitions.TMS470_18.12.exe.DebugToolchain.778066693" name="TI Build Tools" superClass="com.ti.ccstudio.buildDefinitions.TMS470_18.12.exe.DebugToolchain" targetTool="com.ti.ccstudio.buildDefinitions.TMS470_18.12.exe.linkerDebug.1844159984">
							<option IS_BUILTIN_EMPTY="false" IS_VALUE_EMPTY="false" id="com.ti.ccstudio.buildDefinitions.core.OPT_TAGS.2094040891" superClass="com.ti.ccstudio.buildDefinitions.core.OPT_TAGS" valueType="stringList">
								<listOptionValue builtIn="false" value="DEVICE_CONFIGURATION_ID=Cortex M.CC1350F128"/>
								<listOptionValue builtIn="false" value="DEVICE_ENDIANNESS=little"/>
								<listOptionValue builtIn="false" value="OUTPUT_FORMAT=ELF"/>
								<listOptionValue builtIn="false" value="CCS_MBS_VERSION=6.1.3"/>
								<listOptionValue builtIn="false" value="RUNTIME_SUPPORT_LIBRARY="/>
								<listOptionValue builtIn="false" value="OUTPUT_TYPE=executable"/>
							</option>
							<option id="com.ti.ccstudio.buildDefinitions.core.OPT_CODEGEN_VERSION.1655551094" superClass="com.ti.ccstudio.buildDefinitions.core.OPT_CODEGEN_VERSION" value="18.12.2.LTS" valueType="string"/>
							<targetPlatform id="com.ti.ccstudio.buildDefinitions.TMS470_18.12.exe.targetPlatformDebug.40828438" name="Platform" superClass="com.ti.ccstudio.buildDefinitions.TMS470_18.12.exe.targetPlatformDebug"/>
							<builder buildPath="${BuildDirectory}" id="com.ti.ccstudio.buildDefinitions.TMS470_18.12.exe.builderDebug.1828069860" name="GNU Make.Debug" parallelBuildOn="true" parallelizationNumber="optimal" superClass="com.ti.ccstudio.buildDefinitions.TMS470_18.12.exe.builderDebug"/>
							<tool id="com.ti.ccstudio.buildDefinitions.TMS470_18.12.exe.compilerDebug.564670191" name="ARM Compiler" superClass="com.ti.ccstudio.buildDefinitions.TMS470_18.12.exe.compilerDebug">
								<option id="com.ti.ccstudio.buildDefinitions.TMS470_18.12.compilerID.DEBUGGING_MODEL.1523394614" superClass="com.ti.ccstudio.buildDefinitions.TMS470_18.12.compilerID.DEBUGGING_MODEL" useByScannerDiscovery="false" value="com.ti.ccstudio.buildDefinitions.TMS470_18.12.compilerID.DEBUGGING_MODEL.SYMDEBUG__DWARF" valueType="enumerated"/>
								<option IS_BUILTIN_EMPTY="false" IS_VALUE_EMPTY="false" id="com.ti.ccstudio.buildDefinitions.TMS470_18.12.compilerID.DIAG_WARNING.476193828" superClass="com.ti.ccstudio.buildDefinitions.TMS470_18.12.compilerID.DIAG_WARNING" useByScannerDiscovery="false" valueType="stringList">
									<listOptionValue builtIn="false" value="225"/>
									<listOptionValue builtIn="false" value="255"/>
								</option>
								<option id="com.ti.ccstudio.buildDefinitions.TMS470_18.12.compilerID.DISPLAY_ERROR_NUMBER.1047919800" superClass="com.ti.ccstudio.buildDefinitions.TMS470_18.12.compilerID.DISPLAY_ERROR_NUMBER" useByScannerDiscovery="false" value="true" valueType="boolean"/>
								<option id="com.ti.ccstudio.buildDefinitions.TMS470_18.12.compilerID.DIAG_WRAP.108620615" superClass="com.ti.ccstudio.buildDefinitions.TMS470_18.12.compilerID.DIAG_WRAP" useByScannerDiscovery="false" value="com.ti.ccstudio.buildDefinitions.TMS470_18.12.compilerID.DIAG_WRAP.off" valueType="enumerated"/>
								<option id="com.ti.ccstudio.buildDefinitions.TMS470_18.12.compilerID.LITTLE_ENDIAN.701909661" superClass="com.ti.ccstudio.buildDefinitions.TMS470_18.12.compilerID.LITTLE_ENDIAN" useByScannerDiscovery="false" value="true" valueType="boolean"/>
								<option IS_BUILTIN_EMPTY="false" IS_VALUE_EMPTY="false" id="com.ti.ccstudio.buildDefinitions.TMS470_18.12.compilerID.INCLUDE_PATH.768038340" superClass="com.ti.ccstudio.buildDefinitions.TMS470_18.12.compilerID.INCLUDE_PATH" valueType="includePath">
									<listOptionValue builtIn="false" value="${INHERITED_INCLUDE_PATH}"/>
									<listOptionValue builtIn="false" value="${PROJECT_ROOT}"/>
									<listOptionValue builtIn="false" value="${COM_TI_SIMPLELINK_CC13X0_SDK_INSTALL_DIR}/source/ti/posix/ccs"/>
									<listOptionValue builtIn="false" value="${CG_TOOL_ROOT}/include"/>
								</option>
								<option IS_BUILTIN_EMPTY="false" IS_VALUE_EMPTY="false" id="com.ti.ccstudio.buildDefinitions.TMS470_18.12.compilerID.DEFINE.951056882" superClass="com.ti.ccstudio.buildDefinitions.TMS470_18.12.compilerID.DEFINE" valueType="definedSymbols">
									<listOptionValue builtIn="false" value="${INHERITED_SYMBOLS}"/>
									<listOptionValue builtIn="false" value="DeviceFamily_CC13X0"/>
									<listOptionValue builtIn="false" value="CCFG_FORCE_VDDR_HH=0"/>
									<listOptionValue builtIn="false" value="SUPPORT_PHY_CUSTOM"/>
									<listOptionValue builtIn="false" value="SUPPORT_PHY_50KBPS2GFSK"/>
									<listOptionValue builtIn="false" value="SUPPORT_PHY_625BPSLRM"/>
									<listOptionValue builtIn="false" value="SUPPORT_PHY_5KBPSSLLR"/>
								</option>
								<option id="com.ti.ccstudio.buildDefinitions.TMS470_18.12.compilerID.SILICON_VERSION.1471732324" superClass="com.ti.ccstudio.buildDefinitions.TMS470_18.12.compilerID.SILICON_VERSION" useByScannerDiscovery="false" value="com.ti.ccstudio.buildDefinitions.TMS470_18.12.compilerID.SILICON_VERSION.7M3" valueType="enumerated"/>
								<option id="com.ti.ccstudio.buildDefinitions.TMS470_18.12.compilerID.CODE_STATE.1638177198" superClass="com.ti.ccstudio.buildDefinitions.TMS470_18.12.compilerID.CODE_STATE" useByScannerDiscovery="false" value="com.ti.ccstudio.buildDefinitions.TMS470_18.12.compilerID.CODE_STATE.16" valueType="enumerated"/>
								<option id="com.ti.ccstudio.buildDefinitions.TMS470_18.12.compilerID.GEN_FUNC_SUBSECTIONS.160611279" superClass="com.ti.ccstudio.buildDefinitions.TMS470_18.12.compilerID.GEN_FUNC_SUBSECTIONS" useByScannerDiscovery="false" value="com.ti.ccstudio.buildDefinitions.TMS470_18.12.compilerID.GEN_FUNC_SUBSECTIONS.on" valueType="enumerated"/>
								<option id="com.ti.ccstudio.buildDefinitions.TMS470_18.12.compilerID.FLOAT_SUPPORT.941154480" superClass="com.ti.ccstudio.buildDefinitions.TMS470_18.12.compilerID.FLOAT_SUPPORT" useByScannerDiscovery="false" value="com.ti.ccstudio.buildDefinitions.TMS470_18.12.compilerID.FLOAT_SUPPORT.vfplib" valueType="enumerated"/>
								<inputType id="com.ti.ccstudio.buildDefinitions.TMS470_18.12.compiler.inputType__C_SRCS.2127806477" name="C Sources" superClass="com.ti.ccstudio.buildDefinitions.TMS470_18.12.compiler.inputType__C_SRCS"/>
								<inputType id="com.ti.ccstudio.buildDefinitions.TMS470_18.12.compiler.inputType__CPP_SRCS.1065344119" name="C++ Sources" superClass="com.ti.ccstudio.buildDefinitions.TMS470_18.12.compiler.inputType__CPP_SRCS"/>
								<inputType id="com.ti.ccstudio.buildDefinitions.TMS470_18.12.compiler.inputType__ASM_SRCS.1321382577" name="Assembly Sources" superClass="com.ti.ccstudio.buildDefinitions.TMS470_18.12.compiler.inputType__ASM_SRCS"/>
								<inputType id="com.ti.ccstudio.buildDefinitions.TMS470_18.12.compiler.inputType__ASM2_SRCS.271332239" name="Assembly Sources" superClass="com.ti.ccstudio.buildDefinitions.TMS470_18.12.compiler.inputType__ASM2_SRCS"/>
							</tool>
							<tool id="com.ti.ccstudio.buildDefinitions.TMS470_18.12.exe.linkerDebug.1844159984" name="ARM Linker" superClass="com.ti.ccstudio.buildDefinitions.TMS470_18.12.exe.linkerDebug">
								<option id="com.ti.ccstudio.buildDefinitions.TMS470_18.12.linkerID.OUTPUT_FILE.1516683813" superClass="com.ti.ccstudio.buildDefinitions.TMS470_18.12.linkerID.OUTPUT_FILE" useByScannerDiscovery="false" value="${ProjName}.out" valueType="string"/>
								<option id="com.ti.ccstudio.buildDefinitions.TMS470_18.12.linkerID.MAP_FILE.1650523156" superClass="com.ti.ccstudio.buildDefinitions.TMS470_18.12.linkerID.MAP_FILE" useByScannerDiscovery="false" value="${ProjName}.map" valueType="string"/>
								<option id="com.ti.ccstudio.buildDefinitions.TMS470_18.12.linkerID.XML_LINK_INFO.1817306992" superClass="com.ti.ccstudio.buildDefinitions.TMS470_18.12.linkerID.XML_LINK_INFO" useByScannerDiscovery="false" value="${ProjName}_linkInfo.xml" valueType="string"/>
								<option id="com.ti.ccstudio.buildDefinitions.TMS470_18.12.linkerID.DISPLAY_ERROR_NUMBER.644992078" superClass="com.ti.ccstudio.buildDefinitions.TMS470_18.12.linkerID.DISPLAY_ERROR_NUMBER" useByScannerDiscovery="false" value="true" valueType="boolean"/>
								<option id="com.ti.ccstudio.buildDefinitions.TMS470_18.12.linkerID.DIAG_WRAP.1825310217" superClass="com.ti.ccstudio.buildDefinitions.TMS470_18.12.linkerID.DIAG_WRAP" useByScannerDiscovery="false" value="com.ti.ccstudio.buildDefinitions.TMS470_18.12.linkerID.DIAG_WRAP.off" valueType="enumerated"/>
								<option id="com.ti.ccstudio.buildDefinitions.TMS470_18.12.linkerID.REREAD_LIBS.1604244873" superClass="com.ti.ccstudio.buildDefinitions.TMS470_18.12.linkerID.REREAD_LIBS" useByScannerDiscovery="false" value="false" valueType="boolean"/>
								<option IS_BUILTIN_EMPTY="false" IS_VALUE_EMPTY="false" id="com.ti.ccstudio.buildDefinitions.TMS470_18.12.linkerID.SEARCH_PATH.704893128" superClass="com.ti.ccstudio.buildDefinitions.TMS470_18.12.linkerID.SEARCH_PATH" valueType="libPaths">
									<listOptionValue builtIn="false" value="${INHERITED_LIBRARY_PATH}"/>
									<listOptionValue builtIn="false" value="${COM_TI_SIMPLELINK_CC13X0_SDK_INSTALL_DIR}/source"/>
									<listOptionValue builtIn="false" value="${COM_TI_SIMPLELINK_CC13X0_SDK_INSTALL_DIR}/kernel/tirtos/packages"/>
									<listOptionValue builtIn="false" value="${CG_TOOL_ROOT}/lib"/>
								</option>
								<option IS_BUILTIN_EMPTY="false" IS_VALUE_EMPTY="false" id="com.ti.ccstudio.buildDefinitions.TMS470_18.12.linkerID.LIBRARY.1534048443" superClass="com.ti.ccstudio.buildDefinitions.TMS470_18.12.linkerID.LIBRARY" useByScannerDiscovery="false" valueType="libs">
									<listOptionValue builtIn="false" value="${INHERITED_LIBRARIES}"/>
									<listOptionValue builtIn="false" value="ti/display/lib/display.aem3"/>
									<listOptionValue builtIn="false" value="ti/grlib/lib/ccs/m3/grlib.a"/>
									<listOptionValue builtIn="false" value="third_party/spiffs/lib/ccs/m3/spiffs_cc26xx.a"/>
									<listOptionValue builtIn="false" value="ti/drivers/rf/lib/rf_multiMode_cc13x0.aem3"/>
									<listOptionValue builtIn="false" value="ti/drivers/lib/drivers_cc13x0.aem3"/>
									<listOptionValue builtIn="false" value="ti/dpl/lib/dpl_cc13x0.aem3"/>
									<listOptionValue builtIn="false" value="${GENERATED_LIBRARIES}"/>
									<listOptionValue builtIn="false" value="ti/devices/cc13x0/driverlib/bin/ccs/driverlib.lib"/>
									<listOptionValue builtIn="false" value="libc.a"/>
								</option>
								<inputType id="com.ti.ccstudio.buildDefinitions.TMS470_18.12.exeLinker.inputType__CMD_SRCS.2028016473" name="Linker Command Files" superClass="com.ti.ccstudio.buildDefinitions.TMS470_18.12.exeLinker.inputType__CMD_SRCS"/>
								<inputType id="com.ti.ccstudio.buildDefinitions.TMS470_18.12.exeLinker.inputType__CMD2_SRCS.14872039" name="Linker Command Files" superClass="com.ti.ccstudio.buildDefinitions.TMS470_18.12.exeLinker.inputType__CMD2_SRCS"/>
								<inputType id="com.ti.ccstudio.buildDefinitions.TMS470_18.12.exeLinker.inputType__GEN_CMDS.1266063568" name="Generated Linker Command Files" superClass="com.ti.ccstudio.buildDefinitions.TMS470_18.12.exeLinker.inputType__GEN_CMDS"/>
							</tool>
							<tool id="com.ti.ccstudio.buildDefinitions.TMS470_18.12.hex.2133333547" name="ARM Hex Utility" superClass="com.ti.ccstudio.buildDefinitions.TMS470_18.12.hex"/>
						</toolChain>
					</folderInfo>
				</configuration>
			</storageModule>
			<storageModule moduleId="org.eclipse.cdt.core.externalSettings">
				<externalSettings containerId="tirtos_builds_CC1350_LAUNCHXL_release_ccs;com.ti.ccstudio.buildDefinitions.TMS470.Debug.1938913435" factoryId="org.eclipse.cdt.core.cfg.export.settings.sipplier"/>
			</storageModule>
		</cconfiguration>
		<cconfiguration id="com.ti.ccstudio.buildDefinitions.TMS470.Release.691336660">
			<storageModule buildSystemId="org.eclipse.cdt.managedbuilder.core.configurationDataProvider" id="com.ti.ccstudio.buildDefinitions.TMS470.Release.691336660" moduleId="org.eclipse.cdt.core.settings" name="Release">
				<externalSettings/>
				<extensions>
					<extension id="com.ti.ccstudio.binaryparser.CoffParser" point="org.eclipse.cdt.core.BinaryParser"/>
					<extension id="org.eclipse.cdt.core.GmakeErrorParser" point="org.eclipse.cdt.core.ErrorParser"/>
					<extension id="com.ti.ccstudio.errorparser.CoffErrorParser" point="org.eclipse.cdt.core.ErrorParser"/>
					<extension id="com.ti.ccstudio.errorparser.AsmErrorParser" point="org.eclipse.cdt.core.ErrorParser"/>
					<extension id="com.ti.ccstudio.errorparser.LinkErrorParser" point="org.eclipse.cdt.core.ErrorParser"/>
				</extensions>
			</storageModule>
			<storageModule moduleId="cdtBuildSystem" version="4.0.0">
				<configuration artifactExtension="out" artifactName="${ProjName}" buildProperties="" cleanCommand="${CG_CLEAN_CMD}" description="" id="com.ti.ccstudio.buildDefinitions.TMS470.Release.691336660" name="Release" parent="com.ti.ccstudio.buildDefinitions.TMS470.Release" postbuildStep="         " prebuildStep="         ">
					<folderInfo id="com.ti.ccstudio.buildDefinitions.TMS470.Release.691336660." name="/" resourcePath="">
						<toolChain id="com.ti.ccstudio.buildDefinitions.TMS470_18.12.exe.ReleaseToolchain.366790546" name="TI Build Tools" superClass="com.ti.ccstudio.buildDefinitions.TMS470_18.12.exe.ReleaseToolchain" targetTool="com.ti.ccstudio.buildDefinitions.TMS470_18.12.exe.linkerRelease.580026224">
							<option IS_BUILTIN_EMPTY="false" IS_VALUE_EMPTY="false" id="com.ti.ccstudio.buildDefinitions.core.OPT_TAGS.1770559078" superClass="com.ti.ccstudio.buildDefinitions.core.OPT_TAGS" valueType="stringList">
								<listOptionValue builtIn="false" value="DEVICE_CONFIGURATION_ID=Cortex M.CC1350F128"/>
								<listOptionValue builtIn="false" value="DEVICE_ENDIANNESS=little"/>
								<listOptionValue builtIn="false" value="OUTPUT_FORMAT=ELF"/>
								<listOptionValue builtIn="false" value="CCS_MBS_VERSION=6.1.3"/>
								<listOptionValue builtIn="false" value="RUNTIME_SUPPORT_LIBRARY="/>
								<listOptionValue builtIn="false" value="OUTPUT_TYPE=executable"/>
							</option>
							<option id="com.ti.ccstudio.buildDefinitions.core.OPT_CODEGEN_VERSION.1600181765" superClass="com.ti.ccstudio.buildDefinitions.core.OPT_CODEGEN_VERSION" value="18.12.2.LTS" valueType="string"/>
							<targetPlatform id="com.ti.ccstudio.buildDefinitions.TMS470_18.12.exe.targetPlatformRelease.1728254632" name="Platform" superClass="com.ti.ccstudio.buildDefinitions.TMS470_18.12.exe.targetPlatformRelease"/>
							<builder buildPath="${BuildDirectory}" id="com.ti.ccstudio.buildDefinitions.TMS470_18.12.exe.builderRelease.1666748115" name="GNU Make.Release" parallelBuildOn="true" parallelizationNumber="optimal" superClass="com.ti.ccstudio.buildDefinitions.TMS470_18.12.exe.builderRelease"/>
							<tool id="com.ti.ccstudio.buildDefinitions.TMS470_18.12.exe.compilerRelease.1576139161" name="ARM Compiler" superClass="com.ti.ccstudio.buildDefinitions.TMS470_18.12.exe.compilerRelease">
								<option IS_BUILTIN_EMPTY="false" IS_VALUE_EMPTY="false" id="com.ti.ccstudio.buildDefinitions.TMS470_18.12.compilerID.DIAG_WARNING.58352297" superClass="com.ti.ccstudio.buildDefinitions.TMS470_18.12.compilerID.DIAG_WARNING" useByScannerDiscovery="false" valueType="stringList">
									<listOptionValue builtIn="false" value="225"/>
									<listOptionValue builtIn="false" value="255"/>
								</option>
								<option id="com.ti.ccstudio.buildDefinitions.TMS470_18.12.compilerID.DISPLAY_ERROR_NUMBER.18377830" superClass="com.ti.ccstudio.buildDefinitions.TMS470_18.12.compilerID.DISPLAY_ERROR_NUMBER" useByScannerDiscovery="false" value="true" valueType="boolean"/>
								<option id="com.ti.ccstudio.buildDefinitions.TMS470_18.12.compilerID.DIAG_WRAP.745316730" superClass="com.ti.ccstudio.buildDefinitions.TMS470_18.12.compilerID.DIAG_WRAP" useByScannerDiscovery="false" value="com.ti.ccstudio.buildDefinitions.TMS470_18.12.compilerID.DIAG_WRAP.off" valueType="enumerated"/>
								<option id="com.ti.ccstudio.buildDefinitions.TMS470_18.12.compilerID.LITTLE_ENDIAN.230152059" superClass="com.ti.ccstudio.buildDefinitions.TMS470_18.12.compilerID.LITTLE_ENDIAN" useByScannerDiscovery="false" value="true" valueType="boolean"/>
								<option IS_BUILTIN_EMPTY="false" IS_VALUE_EMPTY="false" id="com.ti.ccstudio.buildDefinitions.TMS470_18.12.compilerID.INCLUDE_PATH.19588966" superClass="com.ti.ccstudio.buildDefinitions.TMS470_18.12.compilerID.INCLUDE_PATH" valueType="includePath">
									<listOptionValue builtIn="false" value="${INHERITED_INCLUDE_PATH}"/>
									<listOptionValue builtIn="false" value="${PROJECT_ROOT}"/>
									<listOptionValue builtIn="false" value="${COM_TI_SIMPLELINK_CC13X0_SDK_INSTALL_DIR}/source/ti/posix/ccs"/>
									<listOptionValue builtIn="false" value="${CG_TOOL_ROOT}/include"/>
								</option>
								<option IS_BUILTIN_EMPTY="false" IS_VALUE_EMPTY="false" id="com.ti.ccstudio.buildDefinitions.TMS470_18.12.compilerID.DEFINE.117471375" superClass="com.ti.ccstudio.buildDefinitions.TMS470_18.12.compilerID.DEFINE" valueType="definedSymbols">
									<listOptionValue builtIn="false" value="${INHERITED_SYMBOLS}"/>
									<listOptionValue builtIn="false" value="DeviceFamily_CC13X0"/>
									<listOptionValue builtIn="false" value="CCFG_FORCE_VDDR_HH=0"/>
									<listOptionValue builtIn="false" value="SUPPORT_PHY_CUSTOM"/>
									<listOptionValue builtIn="false" value="SUPPORT_PHY_50KBPS2GFSK"/>
									<listOptionValue builtIn="false" value="SUPPORT_PHY_625BPSLRM"/>
									<listOptionValue builtIn="false" value="SUPPORT_PHY_5KBPSSLLR"/>
								</option>
								<option id="com.ti.ccstudio.buildDefinitions.TMS470_18.12.compilerID.SILICON_VERSION.1128318620" superClass="com.ti.ccstudio.buildDefinitions.TMS470_18.12.compilerID.SILICON_VERSION" useByScannerDiscovery="false" value="com.ti.ccstudio.buildDefinitions.TMS470_18.12.compilerID.SILICON_VERSION.7M3" valueType="enumerated"/>
								<option id="com.ti.ccstudio.buildDefinitions.TMS470_18.12.compilerID.CODE_STATE.131848158" superClass="com.ti.ccstudio.buildDefinitions.TMS470_18.12.compilerID.CODE_STATE" useByScannerDiscovery="false" value="com.ti.ccstudio.buildDefinitions.TMS470_18.12.compilerID.CODE_STATE.16" valueType="enumerated"/>
								<option id="com.ti.ccstudio.buildDefinitions.TMS470_18.12.compilerID.GEN_FUNC_SUBSECTIONS.1515731360" superClass="com.ti.ccstudio.buildDefinitions.TMS470_18.12.compilerID.GEN_FUNC_SUBSECTIONS" useByScannerDiscovery="false" value="com.ti.ccstudio.buildDefinitions.TMS470_18.12.compilerID.GEN_FUNC_SUBSECTIONS.on" valueType="enumerated"/>
								<option id="com.ti.ccstudio.buildDefinitions.TMS470_18.12.compilerID.FLOAT_SUPPORT.136880723" superClass="com.ti.ccstudio.buildDefinitions.TMS470_18.12.compilerID.FLOAT_SUPPORT" useByScannerDiscovery="false" value="com.ti.ccstudio.buildDefinitions.TMS470_18.12.compilerID.FLOAT_SUPPORT.vfplib" valueType="enumerated"/>
								<option id="com.ti.ccstudio.buildDefinitions.TMS470_18.12.compilerID.DEBUGGING_MODEL.1460977391" superClass="com.ti.ccstudio.buildDefinitions.TMS470_18.12.compilerID.DEBUGGING_MODEL" useByScannerDiscovery="false" value="com.ti.ccstudio.buildDefinitions.TMS470_18.12.compilerID.DEBUGGING_MODEL.SYMDEBUG__DWARF" valueType="enumerated"/>
								<inputType id="com.ti.ccstudio.buildDefinitions.TMS470_18.12.compiler.inputType__C_SRCS.1351121169" name="C Sources" superClass="com.ti.ccstudio.buildDefinitions.TMS470_18.12.compiler.inputType__C_SRCS"/>
								<inputType id="com.ti.ccstudio.buildDefinitions.TMS470_18.12.compiler.inputType__CPP_SRCS.2129487693" name="C++ Sources" superClass="com.ti.ccstudio.buildDefinitions.TMS470_18.12.compiler.inputType__CPP_SRCS"/>
								<inputType id="com.ti.ccstudio.buildDefinitions.TMS470_18.12.compiler.inputType__ASM_SRCS.221158763" name="Assembly Sources" superClass="com.ti.ccstudio.buildDefinitions.TMS470_18.12.compiler.inputType__ASM_SRCS"/>
								<inputType id="com.ti.ccstudio.buildDefinitions.TMS470_18.12.compiler.inputType__ASM2_SRCS.1772518467" name="Assembly Sources" superClass="com.ti.ccstudio.buildDefinitions.TMS470_18.12.compiler.inputType__ASM2_SRCS"/>
							</tool>
							<tool id="com.ti.ccstudio.buildDefinitions.TMS470_18.12.exe.linkerRelease.580026224" name="ARM Linker" superClass="com.ti.ccstudio.buildDefinitions.TMS470_18.12.exe.linkerRelease">
								<option id="com.ti.ccstudio.buildDefinitions.TMS470_18.12.linkerID.OUTPUT_FILE.1672123044" superClass="com.ti.ccstudio.buildDefinitions.TMS470_18.12.linkerID.OUTPUT_FILE" useByScannerDiscovery="false" value="${ProjName}.out" valueType="string"/>
								<option id="com.ti.ccstudio.buildDefinitions.TMS470_18.12.linkerID.MAP_FILE.1126919464" superClass="com.ti.ccstudio.buildDefinitions.TMS470_18.12.linkerID.MAP_FILE" useByScannerDiscovery="false" value="${ProjName}.map" valueType="string"/>
								<option id="com.ti.ccstudio.buildDefinitions.TMS470_18.12.linkerID.XML_LINK_INFO.1728382766" superClass="com.ti.ccstudio.buildDefinitions.TMS470_18.12.linkerID.XML_LINK_INFO" useByScannerDiscovery="false" value="${ProjName}_linkInfo.xml" valueType="string"/>
								<option id="com.ti.ccstudio.buildDefinitions.TMS470_18.12.linkerID.DISPLAY_ERROR_NUMBER.1893327303" superClass="com.ti.ccstudio.buildDefinitions.TMS470_18.12.linkerID.DISPLAY_ERROR_NUMBER" useByScannerDiscovery="false" value="true" valueType="boolean"/>
								<option id="com.ti.ccstudio.buildDefinitions.TMS470_18.12.linkerID.DIAG_WRAP.2040781336" superClass="com.ti.ccstudio.buildDefinitions.TMS470_18.12.linkerID.DIAG_WRAP" useByScannerDiscovery="false" value="com.ti.ccstudio.buildDefinitions.TMS470_18.12.linkerID.DIAG_WRAP.off" valueType="enumerated"/>
								<option id="com.ti.ccstudio.buildDefinitions.TMS470_18.12.linkerID.REREAD_LIBS.317909479" superClass="com.ti.ccstudio.buildDefinitions.TMS470_18.12.linkerID.REREAD_LIBS" useByScannerDiscovery="false" value="false" valueType="boolean"/>
								<option IS_BUILTIN_EMPTY="false" IS_VALUE_EMPTY="false" id="com.ti.ccstudio.buildDefinitions.TMS470_18.12.linkerID.SEARCH_PATH.2133411691" superClass="com.ti.ccstudio.buildDefinitions.TMS470_18.12.linkerID.SEARCH_PATH" valueType="libPaths">
									<listOptionValue builtIn="false" value="${INHERITED_LIBRARY_PATH}"/>
									<listOptionValue builtIn="false" value="${COM_TI_SIMPLELINK_CC13X0_SDK_INSTALL_DIR}/source"/>
									<listOptionValue builtIn="false" value="${COM_TI_SIMPLELINK_CC13X0_SDK_INSTALL_DIR}/kernel/tirtos/packages"/>
									<listOptionValue builtIn="false" value="${CG_TOOL_ROOT}/lib"/>
								</option>
								<option IS_BUILTIN_EMPTY="false" IS_VALUE_EMPTY="false" id="com.ti.ccstudio.buildDefinitions.TMS470_18.12.linkerID.LIBRARY.933013240" superClass="com.ti.ccstudio.buildDefinitions.TMS470_18.12.linkerID.LIBRARY" useByScannerDiscovery="false" valueType="libs">
									<listOptionValue builtIn="false" value="${INHERITED_LIBRARIES}"/>
									<listOptionValue builtIn="false" value="ti/display/lib/display.aem3"/>
									<listOptionValue builtIn="false" value="ti/grlib/lib/ccs/m3/grlib.a"/>
									<listOptionValue builtIn="false" value="third_party/spiffs/lib/ccs/m3/spiffs_cc26xx.a"/>
									<listOptionValue builtIn="false" value="ti/drivers/rf/lib/rf_multiMode_cc13x0.aem3"/>
									<listOptionValue builtIn="false" value="ti/drivers/lib/drivers_cc13x0.aem3"/>
									<listOptionValue builtIn="false" value="ti/dpl/lib/dpl_cc13x0.aem3"/>
									<listOptionValue builtIn="false" value="${GENERATED_LIBRARIES}"/>
									<listOptionValue builtIn="false" value="ti/devices/cc13x0/driverlib/bin/ccs/driverlib.lib"/>
									<listOptionValue builtIn="false" value="libc.a"/>
								</option>
								<inputType id="com.ti.ccstudio.buildDefinitions.TMS470_18.12.exeLinker.inputType__CMD_SRCS.420215721" name="Linker Command Files" superClass="com.ti.ccstudio.buildDefinitions.TMS470_18.12.exeLinker.inputType__CMD_SRCS"/>
								<inputType id="com.ti.ccstudio.buildDefinitions.TMS470_18.12.exeLinker.inputType__CMD2_SRCS.816908628" name="Linker Command Files" superClass="com.ti.ccstudio.buildDefinitions.TMS470_18.12.exeLinker.inputType__CMD2_SRCS"/>
								<inputType id="com.ti.ccstudio.buildDefinitions.TMS470_18.12.exeLinker.inputType__GEN_CMDS.1365395319" name="Generated Linker Command Files" superClass="com.ti.ccstudio.buildDefinitions.TMS470_18.12.exeLinker.inputType__GEN_CMDS"/>
							</tool>
							<tool id="com.ti.ccstudio.buildDefinitions.TMS470_18.12.hex.1588959779" name="ARM Hex Utility" superClass="com.ti.ccstudio.buildDefinitions.TMS470_18.12.hex"/>
						</toolChain>
					</folderInfo>
				</configuration>
			</storageModule>
			<storageModule moduleId="org.eclipse.cdt.core.externalSettings">
				<externalSettings containerId="tirtos_builds_CC1350_LAUNCHXL_release_ccs;com.ti.ccstudio.buildDefinitions.TMS470.Release.1542222271" factoryId="org.eclipse.cdt.core.cfg.export.settings.sipplier"/>
			</storageModule>
		</cconfiguration>
	</storageModule>
	<storageModule moduleId="org.eclipse.cdt.core.LanguageSettingsProviders"/>
	<storageModule moduleId="cdtBuildSystem" version="4.0.0">
		<project id="rfPacketTx_CC1350_LAUNCHXL_tirtos_ccs.com.ti.ccstudio.buildDefinitions.TMS470.ProjectType.1572187827" name="TMS470" projectType="com.ti.ccstudio.buildDefinitions.TMS470.ProjectType"/>
	</storageModule>
	<storageModule moduleId="scannerConfiguration"/>
</cproject>
