<?xml version="1.0" encoding="UTF-8"?>
<projectDescription>
	<name>rfPacketTx_CC1350_LAUNCHXL_tirtos_ccs</name>
	<comment></comment>
	<projects>
		<project>tirtos_builds_CC1350_LAUNCHXL_release_ccs</project>
	</projects>
	<buildSpec>
		<buildCommand>
			<name>org.eclipse.cdt.managedbuilder.core.genmakebuilder</name>
			<arguments>
			</arguments>
		</buildCommand>
		<buildCommand>
			<name>org.eclipse.cdt.managedbuilder.core.ScannerConfigBuilder</name>
			<triggers>full,incremental,</triggers>
			<arguments>
			</arguments>
		</buildCommand>
	</buildSpec>
	<natures>
		<nature>com.ti.ccstudio.core.ccsNature</nature>
		<nature>org.eclipse.cdt.core.cnature</nature>
		<nature>org.eclipse.cdt.managedbuilder.core.managedBuildNature</nature>
		<nature>org.eclipse.cdt.core.ccnature</nature>
		<nature>org.eclipse.cdt.managedbuilder.core.ScannerConfigNature</nature>
	</natures>
	<linkedResources>
		<link>
			<name>Board.html</name>
			<type>1</type>
			<locationURI>COM_TI_SIMPLELINK_CC13X0_SDK_INSTALL_DIR/source/ti/boards/CC1350_LAUNCHXL/Board.html</locationURI>
		</link>
	</linkedResources>
</projectDescription>
