<?xml version="1.0" encoding="UTF-8" standalone="no"?>
<?fileVersion 4.0.0?><cproject storage_type_id="org.eclipse.cdt.core.XmlProjectDescriptionStorage">
	<storageModule configRelations="2" moduleId="org.eclipse.cdt.core.settings">
		<cconfiguration id="com.ti.ccstudio.buildDefinitions.TMS470.Debug.703332777">
			<storageModule buildSystemId="org.eclipse.cdt.managedbuilder.core.configurationDataProvider" id="com.ti.ccstudio.buildDefinitions.TMS470.Debug.703332777" moduleId="org.eclipse.cdt.core.settings" name="Debug">
				<externalSettings/>
				<extensions>
					<extension id="com.ti.ccstudio.binaryparser.CoffParser" point="org.eclipse.cdt.core.BinaryParser"/>
					<extension id="org.eclipse.cdt.core.GmakeErrorParser" point="org.eclipse.cdt.core.ErrorParser"/>
					<extension id="com.ti.ccstudio.errorparser.CoffErrorParser" point="org.eclipse.cdt.core.ErrorParser"/>
					<extension id="com.ti.ccstudio.errorparser.AsmErrorParser" point="org.eclipse.cdt.core.ErrorParser"/>
					<extension id="com.ti.ccstudio.errorparser.LinkErrorParser" point="org.eclipse.cdt.core.ErrorParser"/>
				</extensions>
			</storageModule>
			<storageModule moduleId="cdtBuildSystem" version="4.0.0">
				<configuration artifactExtension="out" artifactName="${ProjName}" buildProperties="" cleanCommand="${CG_CLEAN_CMD}" description="" id="com.ti.ccstudio.buildDefinitions.TMS470.Debug.703332777" name="Debug" parent="com.ti.ccstudio.buildDefinitions.TMS470.Debug" postbuildStep="         " prebuildStep="         ">
					<folderInfo id="com.ti.ccstudio.buildDefinitions.TMS470.Debug.703332777." name="/" resourcePath="">
						<toolChain id="com.ti.ccstudio.buildDefinitions.TMS470_18.12.exe.DebugToolchain.1555944462" name="TI Build Tools" superClass="com.ti.ccstudio.buildDefinitions.TMS470_18.12.exe.DebugToolchain" targetTool="com.ti.ccstudio.buildDefinitions.TMS470_18.12.exe.linkerDebug.2084329374">
							<option IS_BUILTIN_EMPTY="false" IS_VALUE_EMPTY="false" id="com.ti.ccstudio.buildDefinitions.core.OPT_TAGS.1313400567" superClass="com.ti.ccstudio.buildDefinitions.core.OPT_TAGS" valueType="stringList">
								<listOptionValue builtIn="false" value="DEVICE_CONFIGURATION_ID=Cortex M.CC1350F128"/>
								<listOptionValue builtIn="false" value="DEVICE_ENDIANNESS=little"/>
								<listOptionValue builtIn="false" value="OUTPUT_FORMAT=ELF"/>
								<listOptionValue builtIn="false" value="CCS_MBS_VERSION=6.1.3"/>
								<listOptionValue builtIn="false" value="RUNTIME_SUPPORT_LIBRARY="/>
								<listOptionValue builtIn="false" value="OUTPUT_TYPE=executable"/>
							</option>
							<option id="com.ti.ccstudio.buildDefinitions.core.OPT_CODEGEN_VERSION.1190618542" superClass="com.ti.ccstudio.buildDefinitions.core.OPT_CODEGEN_VERSION" value="18.12.2.LTS" valueType="string"/>
							<targetPlatform id="com.ti.ccstudio.buildDefinitions.TMS470_18.12.exe.targetPlatformDebug.1005193090" name="Platform" superClass="com.ti.ccstudio.buildDefinitions.TMS470_18.12.exe.targetPlatformDebug"/>
							<builder buildPath="${BuildDirectory}" id="com.ti.ccstudio.buildDefinitions.TMS470_18.12.exe.builderDebug.238434821" name="GNU Make.Debug" parallelBuildOn="true" parallelizationNumber="optimal" superClass="com.ti.ccstudio.buildDefinitions.TMS470_18.12.exe.builderDebug"/>
							<tool id="com.ti.ccstudio.buildDefinitions.TMS470_18.12.exe.compilerDebug.2039339292" name="ARM Compiler" superClass="com.ti.ccstudio.buildDefinitions.TMS470_18.12.exe.compilerDebug">
								<option id="com.ti.ccstudio.buildDefinitions.TMS470_18.12.compilerID.DEBUGGING_MODEL.1512099818" superClass="com.ti.ccstudio.buildDefinitions.TMS470_18.12.compilerID.DEBUGGING_MODEL" useByScannerDiscovery="false" value="com.ti.ccstudio.buildDefinitions.TMS470_18.12.compilerID.DEBUGGING_MODEL.SYMDEBUG__DWARF" valueType="enumerated"/>
								<option IS_BUILTIN_EMPTY="false" IS_VALUE_EMPTY="false" id="com.ti.ccstudio.buildDefinitions.TMS470_18.12.compilerID.DIAG_WARNING.1281270066" superClass="com.ti.ccstudio.buildDefinitions.TMS470_18.12.compilerID.DIAG_WARNING" useByScannerDiscovery="false" valueType="stringList">
									<listOptionValue builtIn="false" value="225"/>
									<listOptionValue builtIn="false" value="255"/>
								</option>
								<option id="com.ti.ccstudio.buildDefinitions.TMS470_18.12.compilerID.DISPLAY_ERROR_NUMBER.1984536034" superClass="com.ti.ccstudio.buildDefinitions.TMS470_18.12.compilerID.DISPLAY_ERROR_NUMBER" useByScannerDiscovery="false" value="true" valueType="boolean"/>
								<option id="com.ti.ccstudio.buildDefinitions.TMS470_18.12.compilerID.DIAG_WRAP.1755273602" superClass="com.ti.ccstudio.buildDefinitions.TMS470_18.12.compilerID.DIAG_WRAP" useByScannerDiscovery="false" value="com.ti.ccstudio.buildDefinitions.TMS470_18.12.compilerID.DIAG_WRAP.off" valueType="enumerated"/>
								<option id="com.ti.ccstudio.buildDefinitions.TMS470_18.12.compilerID.LITTLE_ENDIAN.677241739" superClass="com.ti.ccstudio.buildDefinitions.TMS470_18.12.compilerID.LITTLE_ENDIAN" useByScannerDiscovery="false" value="true" valueType="boolean"/>
								<option IS_BUILTIN_EMPTY="false" IS_VALUE_EMPTY="false" id="com.ti.ccstudio.buildDefinitions.TMS470_18.12.compilerID.INCLUDE_PATH.592255859" superClass="com.ti.ccstudio.buildDefinitions.TMS470_18.12.compilerID.INCLUDE_PATH" valueType="includePath">
									<listOptionValue builtIn="false" value="${INHERITED_INCLUDE_PATH}"/>
									<listOptionValue builtIn="false" value="${PROJECT_ROOT}"/>
									<listOptionValue builtIn="false" value="${COM_TI_SIMPLELINK_CC13X0_SDK_INSTALL_DIR}/source/ti/posix/ccs"/>
									<listOptionValue builtIn="false" value="${CG_TOOL_ROOT}/include"/>
								</option>
								<option IS_BUILTIN_EMPTY="false" IS_VALUE_EMPTY="false" id="com.ti.ccstudio.buildDefinitions.TMS470_18.12.compilerID.DEFINE.2089468044" superClass="com.ti.ccstudio.buildDefinitions.TMS470_18.12.compilerID.DEFINE" valueType="definedSymbols">
									<listOptionValue builtIn="false" value="${INHERITED_SYMBOLS}"/>
									<listOptionValue builtIn="false" value="DeviceFamily_CC13X0"/>
									<listOptionValue builtIn="false" value="CCFG_FORCE_VDDR_HH=0"/>
									<listOptionValue builtIn="false" value="SUPPORT_PHY_CUSTOM"/>
									<listOptionValue builtIn="false" value="SUPPORT_PHY_50KBPS2GFSK"/>
									<listOptionValue builtIn="false" value="SUPPORT_PHY_625BPSLRM"/>
									<listOptionValue builtIn="false" value="SUPPORT_PHY_5KBPSSLLR"/>
								</option>
								<option id="com.ti.ccstudio.buildDefinitions.TMS470_18.12.compilerID.SILICON_VERSION.1060865151" superClass="com.ti.ccstudio.buildDefinitions.TMS470_18.12.compilerID.SILICON_VERSION" useByScannerDiscovery="false" value="com.ti.ccstudio.buildDefinitions.TMS470_18.12.compilerID.SILICON_VERSION.7M3" valueType="enumerated"/>
								<option id="com.ti.ccstudio.buildDefinitions.TMS470_18.12.compilerID.CODE_STATE.565251756" superClass="com.ti.ccstudio.buildDefinitions.TMS470_18.12.compilerID.CODE_STATE" useByScannerDiscovery="false" value="com.ti.ccstudio.buildDefinitions.TMS470_18.12.compilerID.CODE_STATE.16" valueType="enumerated"/>
								<option id="com.ti.ccstudio.buildDefinitions.TMS470_18.12.compilerID.GEN_FUNC_SUBSECTIONS.209141740" superClass="com.ti.ccstudio.buildDefinitions.TMS470_18.12.compilerID.GEN_FUNC_SUBSECTIONS" useByScannerDiscovery="false" value="com.ti.ccstudio.buildDefinitions.TMS470_18.12.compilerID.GEN_FUNC_SUBSECTIONS.on" valueType="enumerated"/>
								<option id="com.ti.ccstudio.buildDefinitions.TMS470_18.12.compilerID.FLOAT_SUPPORT.1960628959" superClass="com.ti.ccstudio.buildDefinitions.TMS470_18.12.compilerID.FLOAT_SUPPORT" useByScannerDiscovery="false" value="com.ti.ccstudio.buildDefinitions.TMS470_18.12.compilerID.FLOAT_SUPPORT.vfplib" valueType="enumerated"/>
								<inputType id="com.ti.ccstudio.buildDefinitions.TMS470_18.12.compiler.inputType__C_SRCS.585269509" name="C Sources" superClass="com.ti.ccstudio.buildDefinitions.TMS470_18.12.compiler.inputType__C_SRCS"/>
								<inputType id="com.ti.ccstudio.buildDefinitions.TMS470_18.12.compiler.inputType__CPP_SRCS.260873044" name="C++ Sources" superClass="com.ti.ccstudio.buildDefinitions.TMS470_18.12.compiler.inputType__CPP_SRCS"/>
								<inputType id="com.ti.ccstudio.buildDefinitions.TMS470_18.12.compiler.inputType__ASM_SRCS.1643455853" name="Assembly Sources" superClass="com.ti.ccstudio.buildDefinitions.TMS470_18.12.compiler.inputType__ASM_SRCS"/>
								<inputType id="com.ti.ccstudio.buildDefinitions.TMS470_18.12.compiler.inputType__ASM2_SRCS.1762518734" name="Assembly Sources" superClass="com.ti.ccstudio.buildDefinitions.TMS470_18.12.compiler.inputType__ASM2_SRCS"/>
							</tool>
							<tool id="com.ti.ccstudio.buildDefinitions.TMS470_18.12.exe.linkerDebug.2084329374" name="ARM Linker" superClass="com.ti.ccstudio.buildDefinitions.TMS470_18.12.exe.linkerDebug">
								<option id="com.ti.ccstudio.buildDefinitions.TMS470_18.12.linkerID.OUTPUT_FILE.204524012" superClass="com.ti.ccstudio.buildDefinitions.TMS470_18.12.linkerID.OUTPUT_FILE" useByScannerDiscovery="false" value="${ProjName}.out" valueType="string"/>
								<option id="com.ti.ccstudio.buildDefinitions.TMS470_18.12.linkerID.MAP_FILE.1764617080" superClass="com.ti.ccstudio.buildDefinitions.TMS470_18.12.linkerID.MAP_FILE" useByScannerDiscovery="false" value="${ProjName}.map" valueType="string"/>
								<option id="com.ti.ccstudio.buildDefinitions.TMS470_18.12.linkerID.XML_LINK_INFO.1479479912" superClass="com.ti.ccstudio.buildDefinitions.TMS470_18.12.linkerID.XML_LINK_INFO" useByScannerDiscovery="false" value="${ProjName}_linkInfo.xml" valueType="string"/>
								<option id="com.ti.ccstudio.buildDefinitions.TMS470_18.12.linkerID.DISPLAY_ERROR_NUMBER.1025588528" superClass="com.ti.ccstudio.buildDefinitions.TMS470_18.12.linkerID.DISPLAY_ERROR_NUMBER" useByScannerDiscovery="false" value="true" valueType="boolean"/>
								<option id="com.ti.ccstudio.buildDefinitions.TMS470_18.12.linkerID.DIAG_WRAP.220241495" superClass="com.ti.ccstudio.buildDefinitions.TMS470_18.12.linkerID.DIAG_WRAP" useByScannerDiscovery="false" value="com.ti.ccstudio.buildDefinitions.TMS470_18.12.linkerID.DIAG_WRAP.off" valueType="enumerated"/>
								<option id="com.ti.ccstudio.buildDefinitions.TMS470_18.12.linkerID.REREAD_LIBS.1228002139" superClass="com.ti.ccstudio.buildDefinitions.TMS470_18.12.linkerID.REREAD_LIBS" useByScannerDiscovery="false" value="false" valueType="boolean"/>
								<option IS_BUILTIN_EMPTY="false" IS_VALUE_EMPTY="false" id="com.ti.ccstudio.buildDefinitions.TMS470_18.12.linkerID.SEARCH_PATH.996802261" superClass="com.ti.ccstudio.buildDefinitions.TMS470_18.12.linkerID.SEARCH_PATH" valueType="libPaths">
									<listOptionValue builtIn="false" value="${INHERITED_LIBRARY_PATH}"/>
									<listOptionValue builtIn="false" value="${COM_TI_SIMPLELINK_CC13X0_SDK_INSTALL_DIR}/source"/>
									<listOptionValue builtIn="false" value="${COM_TI_SIMPLELINK_CC13X0_SDK_INSTALL_DIR}/kernel/tirtos/packages"/>
									<listOptionValue builtIn="false" value="${CG_TOOL_ROOT}/lib"/>
								</option>
								<option IS_BUILTIN_EMPTY="false" IS_VALUE_EMPTY="false" id="com.ti.ccstudio.buildDefinitions.TMS470_18.12.linkerID.LIBRARY.1982186671" superClass="com.ti.ccstudio.buildDefinitions.TMS470_18.12.linkerID.LIBRARY" useByScannerDiscovery="false" valueType="libs">
									<listOptionValue builtIn="false" value="${INHERITED_LIBRARIES}"/>
									<listOptionValue builtIn="false" value="ti/display/lib/display.aem3"/>
									<listOptionValue builtIn="false" value="ti/grlib/lib/ccs/m3/grlib.a"/>
									<listOptionValue builtIn="false" value="third_party/spiffs/lib/ccs/m3/spiffs_cc26xx.a"/>
									<listOptionValue builtIn="false" value="ti/drivers/rf/lib/rf_multiMode_cc13x0.aem3"/>
									<listOptionValue builtIn="false" value="ti/drivers/lib/drivers_cc13x0.aem3"/>
									<listOptionValue builtIn="false" value="ti/dpl/lib/dpl_cc13x0.aem3"/>
									<listOptionValue builtIn="false" value="${GENERATED_LIBRARIES}"/>
									<listOptionValue builtIn="false" value="ti/devices/cc13x0/driverlib/bin/ccs/driverlib.lib"/>
									<listOptionValue builtIn="false" value="libc.a"/>
								</option>
								<inputType id="com.ti.ccstudio.buildDefinitions.TMS470_18.12.exeLinker.inputType__CMD_SRCS.711918930" name="Linker Command Files" superClass="com.ti.ccstudio.buildDefinitions.TMS470_18.12.exeLinker.inputType__CMD_SRCS"/>
								<inputType id="com.ti.ccstudio.buildDefinitions.TMS470_18.12.exeLinker.inputType__CMD2_SRCS.375930052" name="Linker Command Files" superClass="com.ti.ccstudio.buildDefinitions.TMS470_18.12.exeLinker.inputType__CMD2_SRCS"/>
								<inputType id="com.ti.ccstudio.buildDefinitions.TMS470_18.12.exeLinker.inputType__GEN_CMDS.1464691120" name="Generated Linker Command Files" superClass="com.ti.ccstudio.buildDefinitions.TMS470_18.12.exeLinker.inputType__GEN_CMDS"/>
							</tool>
							<tool id="com.ti.ccstudio.buildDefinitions.TMS470_18.12.hex.1374294576" name="ARM Hex Utility" superClass="com.ti.ccstudio.buildDefinitions.TMS470_18.12.hex"/>
						</toolChain>
					</folderInfo>
				</configuration>
			</storageModule>
			<storageModule moduleId="org.eclipse.cdt.core.externalSettings">
				<externalSettings containerId="tirtos_builds_CC1350_LAUNCHXL_release_ccs;com.ti.ccstudio.buildDefinitions.TMS470.Debug.1938913435" factoryId="org.eclipse.cdt.core.cfg.export.settings.sipplier"/>
			</storageModule>
		</cconfiguration>
		<cconfiguration id="com.ti.ccstudio.buildDefinitions.TMS470.Release.1173185968">
			<storageModule buildSystemId="org.eclipse.cdt.managedbuilder.core.configurationDataProvider" id="com.ti.ccstudio.buildDefinitions.TMS470.Release.1173185968" moduleId="org.eclipse.cdt.core.settings" name="Release">
				<externalSettings/>
				<extensions>
					<extension id="com.ti.ccstudio.binaryparser.CoffParser" point="org.eclipse.cdt.core.BinaryParser"/>
					<extension id="org.eclipse.cdt.core.GmakeErrorParser" point="org.eclipse.cdt.core.ErrorParser"/>
					<extension id="com.ti.ccstudio.errorparser.CoffErrorParser" point="org.eclipse.cdt.core.ErrorParser"/>
					<extension id="com.ti.ccstudio.errorparser.AsmErrorParser" point="org.eclipse.cdt.core.ErrorParser"/>
					<extension id="com.ti.ccstudio.errorparser.LinkErrorParser" point="org.eclipse.cdt.core.ErrorParser"/>
				</extensions>
			</storageModule>
			<storageModule moduleId="cdtBuildSystem" version="4.0.0">
				<configuration artifactExtension="out" artifactName="${ProjName}" buildProperties="" cleanCommand="${CG_CLEAN_CMD}" description="" id="com.ti.ccstudio.buildDefinitions.TMS470.Release.1173185968" name="Release" parent="com.ti.ccstudio.buildDefinitions.TMS470.Release" postbuildStep="         " prebuildStep="         ">
					<folderInfo id="com.ti.ccstudio.buildDefinitions.TMS470.Release.1173185968." name="/" resourcePath="">
						<toolChain id="com.ti.ccstudio.buildDefinitions.TMS470_18.12.exe.ReleaseToolchain.1894793064" name="TI Build Tools" superClass="com.ti.ccstudio.buildDefinitions.TMS470_18.12.exe.ReleaseToolchain" targetTool="com.ti.ccstudio.buildDefinitions.TMS470_18.12.exe.linkerRelease.891587456">
							<option IS_BUILTIN_EMPTY="false" IS_VALUE_EMPTY="false" id="com.ti.ccstudio.buildDefinitions.core.OPT_TAGS.1515297305" superClass="com.ti.ccstudio.buildDefinitions.core.OPT_TAGS" valueType="stringList">
								<listOptionValue builtIn="false" value="DEVICE_CONFIGURATION_ID=Cortex M.CC1350F128"/>
								<listOptionValue builtIn="false" value="DEVICE_ENDIANNESS=little"/>
								<listOptionValue builtIn="false" value="OUTPUT_FORMAT=ELF"/>
								<listOptionValue builtIn="false" value="CCS_MBS_VERSION=6.1.3"/>
								<listOptionValue builtIn="false" value="RUNTIME_SUPPORT_LIBRARY="/>
								<listOptionValue builtIn="false" value="OUTPUT_TYPE=executable"/>
							</option>
							<option id="com.ti.ccstudio.buildDefinitions.core.OPT_CODEGEN_VERSION.633702335" superClass="com.ti.ccstudio.buildDefinitions.core.OPT_CODEGEN_VERSION" value="18.12.2.LTS" valueType="string"/>
							<targetPlatform id="com.ti.ccstudio.buildDefinitions.TMS470_18.12.exe.targetPlatformRelease.2139339128" name="Platform" superClass="com.ti.ccstudio.buildDefinitions.TMS470_18.12.exe.targetPlatformRelease"/>
							<builder buildPath="${BuildDirectory}" id="com.ti.ccstudio.buildDefinitions.TMS470_18.12.exe.builderRelease.1850714337" name="GNU Make.Release" parallelBuildOn="true" parallelizationNumber="optimal" superClass="com.ti.ccstudio.buildDefinitions.TMS470_18.12.exe.builderRelease"/>
							<tool id="com.ti.ccstudio.buildDefinitions.TMS470_18.12.exe.compilerRelease.331904618" name="ARM Compiler" superClass="com.ti.ccstudio.buildDefinitions.TMS470_18.12.exe.compilerRelease">
								<option IS_BUILTIN_EMPTY="false" IS_VALUE_EMPTY="false" id="com.ti.ccstudio.buildDefinitions.TMS470_18.12.compilerID.DIAG_WARNING.1890981359" superClass="com.ti.ccstudio.buildDefinitions.TMS470_18.12.compilerID.DIAG_WARNING" useByScannerDiscovery="false" valueType="stringList">
									<listOptionValue builtIn="false" value="225"/>
									<listOptionValue builtIn="false" value="255"/>
								</option>
								<option id="com.ti.ccstudio.buildDefinitions.TMS470_18.12.compilerID.DISPLAY_ERROR_NUMBER.1242485130" superClass="com.ti.ccstudio.buildDefinitions.TMS470_18.12.compilerID.DISPLAY_ERROR_NUMBER" useByScannerDiscovery="false" value="true" valueType="boolean"/>
								<option id="com.ti.ccstudio.buildDefinitions.TMS470_18.12.compilerID.DIAG_WRAP.1840275835" superClass="com.ti.ccstudio.buildDefinitions.TMS470_18.12.compilerID.DIAG_WRAP" useByScannerDiscovery="false" value="com.ti.ccstudio.buildDefinitions.TMS470_18.12.compilerID.DIAG_WRAP.off" valueType="enumerated"/>
								<option id="com.ti.ccstudio.buildDefinitions.TMS470_18.12.compilerID.LITTLE_ENDIAN.324224156" superClass="com.ti.ccstudio.buildDefinitions.TMS470_18.12.compilerID.LITTLE_ENDIAN" useByScannerDiscovery="false" value="true" valueType="boolean"/>
								<option IS_BUILTIN_EMPTY="false" IS_VALUE_EMPTY="false" id="com.ti.ccstudio.buildDefinitions.TMS470_18.12.compilerID.INCLUDE_PATH.320806718" superClass="com.ti.ccstudio.buildDefinitions.TMS470_18.12.compilerID.INCLUDE_PATH" valueType="includePath">
									<listOptionValue builtIn="false" value="${INHERITED_INCLUDE_PATH}"/>
									<listOptionValue builtIn="false" value="${PROJECT_ROOT}"/>
									<listOptionValue builtIn="false" value="${COM_TI_SIMPLELINK_CC13X0_SDK_INSTALL_DIR}/source/ti/posix/ccs"/>
									<listOptionValue builtIn="false" value="${CG_TOOL_ROOT}/include"/>
								</option>
								<option IS_BUILTIN_EMPTY="false" IS_VALUE_EMPTY="false" id="com.ti.ccstudio.buildDefinitions.TMS470_18.12.compilerID.DEFINE.1725497306" superClass="com.ti.ccstudio.buildDefinitions.TMS470_18.12.compilerID.DEFINE" valueType="definedSymbols">
									<listOptionValue builtIn="false" value="${INHERITED_SYMBOLS}"/>
									<listOptionValue builtIn="false" value="DeviceFamily_CC13X0"/>
									<listOptionValue builtIn="false" value="CCFG_FORCE_VDDR_HH=0"/>
									<listOptionValue builtIn="false" value="SUPPORT_PHY_CUSTOM"/>
									<listOptionValue builtIn="false" value="SUPPORT_PHY_50KBPS2GFSK"/>
									<listOptionValue builtIn="false" value="SUPPORT_PHY_625BPSLRM"/>
									<listOptionValue builtIn="false" value="SUPPORT_PHY_5KBPSSLLR"/>
								</option>
								<option id="com.ti.ccstudio.buildDefinitions.TMS470_18.12.compilerID.SILICON_VERSION.511914177" superClass="com.ti.ccstudio.buildDefinitions.TMS470_18.12.compilerID.SILICON_VERSION" useByScannerDiscovery="false" value="com.ti.ccstudio.buildDefinitions.TMS470_18.12.compilerID.SILICON_VERSION.7M3" valueType="enumerated"/>
								<option id="com.ti.ccstudio.buildDefinitions.TMS470_18.12.compilerID.CODE_STATE.965092119" superClass="com.ti.ccstudio.buildDefinitions.TMS470_18.12.compilerID.CODE_STATE" useByScannerDiscovery="false" value="com.ti.ccstudio.buildDefinitions.TMS470_18.12.compilerID.CODE_STATE.16" valueType="enumerated"/>
								<option id="com.ti.ccstudio.buildDefinitions.TMS470_18.12.compilerID.GEN_FUNC_SUBSECTIONS.1539952325" superClass="com.ti.ccstudio.buildDefinitions.TMS470_18.12.compilerID.GEN_FUNC_SUBSECTIONS" useByScannerDiscovery="false" value="com.ti.ccstudio.buildDefinitions.TMS470_18.12.compilerID.GEN_FUNC_SUBSECTIONS.on" valueType="enumerated"/>
								<option id="com.ti.ccstudio.buildDefinitions.TMS470_18.12.compilerID.FLOAT_SUPPORT.511644533" superClass="com.ti.ccstudio.buildDefinitions.TMS470_18.12.compilerID.FLOAT_SUPPORT" useByScannerDiscovery="false" value="com.ti.ccstudio.buildDefinitions.TMS470_18.12.compilerID.FLOAT_SUPPORT.vfplib" valueType="enumerated"/>
								<option id="com.ti.ccstudio.buildDefinitions.TMS470_18.12.compilerID.DEBUGGING_MODEL.1382510430" superClass="com.ti.ccstudio.buildDefinitions.TMS470_18.12.compilerID.DEBUGGING_MODEL" useByScannerDiscovery="false" value="com.ti.ccstudio.buildDefinitions.TMS470_18.12.compilerID.DEBUGGING_MODEL.SYMDEBUG__DWARF" valueType="enumerated"/>
								<inputType id="com.ti.ccstudio.buildDefinitions.TMS470_18.12.compiler.inputType__C_SRCS.1576045634" name="C Sources" superClass="com.ti.ccstudio.buildDefinitions.TMS470_18.12.compiler.inputType__C_SRCS"/>
								<inputType id="com.ti.ccstudio.buildDefinitions.TMS470_18.12.compiler.inputType__CPP_SRCS.1481464404" name="C++ Sources" superClass="com.ti.ccstudio.buildDefinitions.TMS470_18.12.compiler.inputType__CPP_SRCS"/>
								<inputType id="com.ti.ccstudio.buildDefinitions.TMS470_18.12.compiler.inputType__ASM_SRCS.802262195" name="Assembly Sources" superClass="com.ti.ccstudio.buildDefinitions.TMS470_18.12.compiler.inputType__ASM_SRCS"/>
								<inputType id="com.ti.ccstudio.buildDefinitions.TMS470_18.12.compiler.inputType__ASM2_SRCS.904895951" name="Assembly Sources" superClass="com.ti.ccstudio.buildDefinitions.TMS470_18.12.compiler.inputType__ASM2_SRCS"/>
							</tool>
							<tool id="com.ti.ccstudio.buildDefinitions.TMS470_18.12.exe.linkerRelease.891587456" name="ARM Linker" superClass="com.ti.ccstudio.buildDefinitions.TMS470_18.12.exe.linkerRelease">
								<option id="com.ti.ccstudio.buildDefinitions.TMS470_18.12.linkerID.OUTPUT_FILE.510394352" superClass="com.ti.ccstudio.buildDefinitions.TMS470_18.12.linkerID.OUTPUT_FILE" useByScannerDiscovery="false" value="${ProjName}.out" valueType="string"/>
								<option id="com.ti.ccstudio.buildDefinitions.TMS470_18.12.linkerID.MAP_FILE.1385973363" superClass="com.ti.ccstudio.buildDefinitions.TMS470_18.12.linkerID.MAP_FILE" useByScannerDiscovery="false" value="${ProjName}.map" valueType="string"/>
								<option id="com.ti.ccstudio.buildDefinitions.TMS470_18.12.linkerID.XML_LINK_INFO.1791425939" superClass="com.ti.ccstudio.buildDefinitions.TMS470_18.12.linkerID.XML_LINK_INFO" useByScannerDiscovery="false" value="${ProjName}_linkInfo.xml" valueType="string"/>
								<option id="com.ti.ccstudio.buildDefinitions.TMS470_18.12.linkerID.DISPLAY_ERROR_NUMBER.965977456" superClass="com.ti.ccstudio.buildDefinitions.TMS470_18.12.linkerID.DISPLAY_ERROR_NUMBER" useByScannerDiscovery="false" value="true" valueType="boolean"/>
								<option id="com.ti.ccstudio.buildDefinitions.TMS470_18.12.linkerID.DIAG_WRAP.502339450" superClass="com.ti.ccstudio.buildDefinitions.TMS470_18.12.linkerID.DIAG_WRAP" useByScannerDiscovery="false" value="com.ti.ccstudio.buildDefinitions.TMS470_18.12.linkerID.DIAG_WRAP.off" valueType="enumerated"/>
								<option id="com.ti.ccstudio.buildDefinitions.TMS470_18.12.linkerID.REREAD_LIBS.1434745481" superClass="com.ti.ccstudio.buildDefinitions.TMS470_18.12.linkerID.REREAD_LIBS" useByScannerDiscovery="false" value="false" valueType="boolean"/>
								<option IS_BUILTIN_EMPTY="false" IS_VALUE_EMPTY="false" id="com.ti.ccstudio.buildDefinitions.TMS470_18.12.linkerID.SEARCH_PATH.424191498" superClass="com.ti.ccstudio.buildDefinitions.TMS470_18.12.linkerID.SEARCH_PATH" valueType="libPaths">
									<listOptionValue builtIn="false" value="${INHERITED_LIBRARY_PATH}"/>
									<listOptionValue builtIn="false" value="${COM_TI_SIMPLELINK_CC13X0_SDK_INSTALL_DIR}/source"/>
									<listOptionValue builtIn="false" value="${COM_TI_SIMPLELINK_CC13X0_SDK_INSTALL_DIR}/kernel/tirtos/packages"/>
									<listOptionValue builtIn="false" value="${CG_TOOL_ROOT}/lib"/>
								</option>
								<option IS_BUILTIN_EMPTY="false" IS_VALUE_EMPTY="false" id="com.ti.ccstudio.buildDefinitions.TMS470_18.12.linkerID.LIBRARY.911097639" superClass="com.ti.ccstudio.buildDefinitions.TMS470_18.12.linkerID.LIBRARY" useByScannerDiscovery="false" valueType="libs">
									<listOptionValue builtIn="false" value="${INHERITED_LIBRARIES}"/>
									<listOptionValue builtIn="false" value="ti/display/lib/display.aem3"/>
									<listOptionValue builtIn="false" value="ti/grlib/lib/ccs/m3/grlib.a"/>
									<listOptionValue builtIn="false" value="third_party/spiffs/lib/ccs/m3/spiffs_cc26xx.a"/>
									<listOptionValue builtIn="false" value="ti/drivers/rf/lib/rf_multiMode_cc13x0.aem3"/>
									<listOptionValue builtIn="false" value="ti/drivers/lib/drivers_cc13x0.aem3"/>
									<listOptionValue builtIn="false" value="ti/dpl/lib/dpl_cc13x0.aem3"/>
									<listOptionValue builtIn="false" value="${GENERATED_LIBRARIES}"/>
									<listOptionValue builtIn="false" value="ti/devices/cc13x0/driverlib/bin/ccs/driverlib.lib"/>
									<listOptionValue builtIn="false" value="libc.a"/>
								</option>
								<inputType id="com.ti.ccstudio.buildDefinitions.TMS470_18.12.exeLinker.inputType__CMD_SRCS.1230640083" name="Linker Command Files" superClass="com.ti.ccstudio.buildDefinitions.TMS470_18.12.exeLinker.inputType__CMD_SRCS"/>
								<inputType id="com.ti.ccstudio.buildDefinitions.TMS470_18.12.exeLinker.inputType__CMD2_SRCS.1538776212" name="Linker Command Files" superClass="com.ti.ccstudio.buildDefinitions.TMS470_18.12.exeLinker.inputType__CMD2_SRCS"/>
								<inputType id="com.ti.ccstudio.buildDefinitions.TMS470_18.12.exeLinker.inputType__GEN_CMDS.1162607463" name="Generated Linker Command Files" superClass="com.ti.ccstudio.buildDefinitions.TMS470_18.12.exeLinker.inputType__GEN_CMDS"/>
							</tool>
							<tool id="com.ti.ccstudio.buildDefinitions.TMS470_18.12.hex.1454715711" name="ARM Hex Utility" superClass="com.ti.ccstudio.buildDefinitions.TMS470_18.12.hex"/>
						</toolChain>
					</folderInfo>
				</configuration>
			</storageModule>
			<storageModule moduleId="org.eclipse.cdt.core.externalSettings">
				<externalSettings containerId="tirtos_builds_CC1350_LAUNCHXL_release_ccs;com.ti.ccstudio.buildDefinitions.TMS470.Release.1542222271" factoryId="org.eclipse.cdt.core.cfg.export.settings.sipplier"/>
			</storageModule>
		</cconfiguration>
	</storageModule>
	<storageModule moduleId="org.eclipse.cdt.core.LanguageSettingsProviders"/>
	<storageModule moduleId="cdtBuildSystem" version="4.0.0">
		<project id="rfPacketRx_CC1350_LAUNCHXL_tirtos_ccs.com.ti.ccstudio.buildDefinitions.TMS470.ProjectType.1096922415" name="TMS470" projectType="com.ti.ccstudio.buildDefinitions.TMS470.ProjectType"/>
	</storageModule>
	<storageModule moduleId="scannerConfiguration"/>
</cproject>
