<?xml version="1.0" encoding="UTF-8" standalone="no"?>
<?fileVersion 4.0.0?><cproject storage_type_id="org.eclipse.cdt.core.XmlProjectDescriptionStorage">
	<storageModule configRelations="2" moduleId="org.eclipse.cdt.core.settings">
		<cconfiguration id="com.ti.ccstudio.buildDefinitions.TMS470.Debug.238766205">
			<storageModule buildSystemId="org.eclipse.cdt.managedbuilder.core.configurationDataProvider" id="com.ti.ccstudio.buildDefinitions.TMS470.Debug.238766205" moduleId="org.eclipse.cdt.core.settings" name="Debug">
				<externalSettings/>
				<extensions>
					<extension id="com.ti.ccstudio.binaryparser.CoffParser" point="org.eclipse.cdt.core.BinaryParser"/>
					<extension id="org.eclipse.cdt.core.GmakeErrorParser" point="org.eclipse.cdt.core.ErrorParser"/>
					<extension id="com.ti.ccstudio.errorparser.CoffErrorParser" point="org.eclipse.cdt.core.ErrorParser"/>
					<extension id="com.ti.ccstudio.errorparser.AsmErrorParser" point="org.eclipse.cdt.core.ErrorParser"/>
					<extension id="com.ti.ccstudio.errorparser.LinkErrorParser" point="org.eclipse.cdt.core.ErrorParser"/>
				</extensions>
			</storageModule>
			<storageModule moduleId="cdtBuildSystem" version="4.0.0">
				<configuration artifactExtension="out" artifactName="${ProjName}" buildProperties="" cleanCommand="${CG_CLEAN_CMD}" description="" id="com.ti.ccstudio.buildDefinitions.TMS470.Debug.238766205" name="Debug" parent="com.ti.ccstudio.buildDefinitions.TMS470.Debug" postbuildStep="         " prebuildStep="         ">
					<folderInfo id="com.ti.ccstudio.buildDefinitions.TMS470.Debug.238766205." name="/" resourcePath="">
						<toolChain id="com.ti.ccstudio.buildDefinitions.TMS470_18.12.exe.DebugToolchain.117502621" name="TI Build Tools" superClass="com.ti.ccstudio.buildDefinitions.TMS470_18.12.exe.DebugToolchain" targetTool="com.ti.ccstudio.buildDefinitions.TMS470_18.12.exe.linkerDebug.1174348147">
							<option IS_BUILTIN_EMPTY="false" IS_VALUE_EMPTY="false" id="com.ti.ccstudio.buildDefinitions.core.OPT_TAGS.1376910362" superClass="com.ti.ccstudio.buildDefinitions.core.OPT_TAGS" valueType="stringList">
								<listOptionValue builtIn="false" value="DEVICE_CONFIGURATION_ID=Cortex M.CC1350F128"/>
								<listOptionValue builtIn="false" value="DEVICE_ENDIANNESS=little"/>
								<listOptionValue builtIn="false" value="OUTPUT_FORMAT=ELF"/>
								<listOptionValue builtIn="false" value="CCS_MBS_VERSION=6.1.3"/>
								<listOptionValue builtIn="false" value="RUNTIME_SUPPORT_LIBRARY="/>
								<listOptionValue builtIn="false" value="OUTPUT_TYPE=executable"/>
							</option>
							<option id="com.ti.ccstudio.buildDefinitions.core.OPT_CODEGEN_VERSION.1299588971" superClass="com.ti.ccstudio.buildDefinitions.core.OPT_CODEGEN_VERSION" value="18.12.2.LTS" valueType="string"/>
							<targetPlatform id="com.ti.ccstudio.buildDefinitions.TMS470_18.12.exe.targetPlatformDebug.208673203" name="Platform" superClass="com.ti.ccstudio.buildDefinitions.TMS470_18.12.exe.targetPlatformDebug"/>
							<builder buildPath="${BuildDirectory}" id="com.ti.ccstudio.buildDefinitions.TMS470_18.12.exe.builderDebug.1580130347" name="GNU Make.Debug" parallelBuildOn="true" parallelizationNumber="optimal" superClass="com.ti.ccstudio.buildDefinitions.TMS470_18.12.exe.builderDebug"/>
							<tool id="com.ti.ccstudio.buildDefinitions.TMS470_18.12.exe.compilerDebug.2137004730" name="ARM Compiler" superClass="com.ti.ccstudio.buildDefinitions.TMS470_18.12.exe.compilerDebug">
								<option id="com.ti.ccstudio.buildDefinitions.TMS470_18.12.compilerID.DEBUGGING_MODEL.1542184695" superClass="com.ti.ccstudio.buildDefinitions.TMS470_18.12.compilerID.DEBUGGING_MODEL" useByScannerDiscovery="false" value="com.ti.ccstudio.buildDefinitions.TMS470_18.12.compilerID.DEBUGGING_MODEL.SYMDEBUG__DWARF" valueType="enumerated"/>
								<option IS_BUILTIN_EMPTY="false" IS_VALUE_EMPTY="false" id="com.ti.ccstudio.buildDefinitions.TMS470_18.12.compilerID.DIAG_WARNING.1158839744" superClass="com.ti.ccstudio.buildDefinitions.TMS470_18.12.compilerID.DIAG_WARNING" useByScannerDiscovery="false" valueType="stringList">
									<listOptionValue builtIn="false" value="225"/>
									<listOptionValue builtIn="false" value="255"/>
								</option>
								<option id="com.ti.ccstudio.buildDefinitions.TMS470_18.12.compilerID.DISPLAY_ERROR_NUMBER.110276581" superClass="com.ti.ccstudio.buildDefinitions.TMS470_18.12.compilerID.DISPLAY_ERROR_NUMBER" useByScannerDiscovery="false" value="true" valueType="boolean"/>
								<option id="com.ti.ccstudio.buildDefinitions.TMS470_18.12.compilerID.DIAG_WRAP.1001588322" superClass="com.ti.ccstudio.buildDefinitions.TMS470_18.12.compilerID.DIAG_WRAP" useByScannerDiscovery="false" value="com.ti.ccstudio.buildDefinitions.TMS470_18.12.compilerID.DIAG_WRAP.off" valueType="enumerated"/>
								<option id="com.ti.ccstudio.buildDefinitions.TMS470_18.12.compilerID.LITTLE_ENDIAN.334032256" superClass="com.ti.ccstudio.buildDefinitions.TMS470_18.12.compilerID.LITTLE_ENDIAN" useByScannerDiscovery="false" value="true" valueType="boolean"/>
								<option IS_BUILTIN_EMPTY="false" IS_VALUE_EMPTY="false" id="com.ti.ccstudio.buildDefinitions.TMS470_18.12.compilerID.INCLUDE_PATH.10682845" superClass="com.ti.ccstudio.buildDefinitions.TMS470_18.12.compilerID.INCLUDE_PATH" valueType="includePath">
									<listOptionValue builtIn="false" value="${INHERITED_INCLUDE_PATH}"/>
									<listOptionValue builtIn="false" value="${PROJECT_ROOT}"/>
									<listOptionValue builtIn="false" value="${COM_TI_SIMPLELINK_CC13X0_SDK_INSTALL_DIR}/source/ti/posix/ccs"/>
									<listOptionValue builtIn="false" value="${CG_TOOL_ROOT}/include"/>
								</option>
								<option IS_BUILTIN_EMPTY="false" IS_VALUE_EMPTY="false" id="com.ti.ccstudio.buildDefinitions.TMS470_18.12.compilerID.DEFINE.720245426" superClass="com.ti.ccstudio.buildDefinitions.TMS470_18.12.compilerID.DEFINE" valueType="definedSymbols">
									<listOptionValue builtIn="false" value="${INHERITED_SYMBOLS}"/>
									<listOptionValue builtIn="false" value="DeviceFamily_CC13X0"/>
								</option>
								<option id="com.ti.ccstudio.buildDefinitions.TMS470_18.12.compilerID.SILICON_VERSION.281741925" superClass="com.ti.ccstudio.buildDefinitions.TMS470_18.12.compilerID.SILICON_VERSION" useByScannerDiscovery="false" value="com.ti.ccstudio.buildDefinitions.TMS470_18.12.compilerID.SILICON_VERSION.7M3" valueType="enumerated"/>
								<option id="com.ti.ccstudio.buildDefinitions.TMS470_18.12.compilerID.CODE_STATE.1510884723" superClass="com.ti.ccstudio.buildDefinitions.TMS470_18.12.compilerID.CODE_STATE" useByScannerDiscovery="false" value="com.ti.ccstudio.buildDefinitions.TMS470_18.12.compilerID.CODE_STATE.16" valueType="enumerated"/>
								<option id="com.ti.ccstudio.buildDefinitions.TMS470_18.12.compilerID.GEN_FUNC_SUBSECTIONS.1028914641" superClass="com.ti.ccstudio.buildDefinitions.TMS470_18.12.compilerID.GEN_FUNC_SUBSECTIONS" useByScannerDiscovery="false" value="com.ti.ccstudio.buildDefinitions.TMS470_18.12.compilerID.GEN_FUNC_SUBSECTIONS.on" valueType="enumerated"/>
								<option id="com.ti.ccstudio.buildDefinitions.TMS470_18.12.compilerID.FLOAT_SUPPORT.1739135632" superClass="com.ti.ccstudio.buildDefinitions.TMS470_18.12.compilerID.FLOAT_SUPPORT" useByScannerDiscovery="false" value="com.ti.ccstudio.buildDefinitions.TMS470_18.12.compilerID.FLOAT_SUPPORT.vfplib" valueType="enumerated"/>
								<inputType id="com.ti.ccstudio.buildDefinitions.TMS470_18.12.compiler.inputType__C_SRCS.226449458" name="C Sources" superClass="com.ti.ccstudio.buildDefinitions.TMS470_18.12.compiler.inputType__C_SRCS"/>
								<inputType id="com.ti.ccstudio.buildDefinitions.TMS470_18.12.compiler.inputType__CPP_SRCS.23285727" name="C++ Sources" superClass="com.ti.ccstudio.buildDefinitions.TMS470_18.12.compiler.inputType__CPP_SRCS"/>
								<inputType id="com.ti.ccstudio.buildDefinitions.TMS470_18.12.compiler.inputType__ASM_SRCS.721289631" name="Assembly Sources" superClass="com.ti.ccstudio.buildDefinitions.TMS470_18.12.compiler.inputType__ASM_SRCS"/>
								<inputType id="com.ti.ccstudio.buildDefinitions.TMS470_18.12.compiler.inputType__ASM2_SRCS.1754939773" name="Assembly Sources" superClass="com.ti.ccstudio.buildDefinitions.TMS470_18.12.compiler.inputType__ASM2_SRCS"/>
							</tool>
							<tool id="com.ti.ccstudio.buildDefinitions.TMS470_18.12.exe.linkerDebug.1174348147" name="ARM Linker" superClass="com.ti.ccstudio.buildDefinitions.TMS470_18.12.exe.linkerDebug">
								<option id="com.ti.ccstudio.buildDefinitions.TMS470_18.12.linkerID.OUTPUT_FILE.2027629546" superClass="com.ti.ccstudio.buildDefinitions.TMS470_18.12.linkerID.OUTPUT_FILE" useByScannerDiscovery="false" value="${ProjName}.out" valueType="string"/>
								<option id="com.ti.ccstudio.buildDefinitions.TMS470_18.12.linkerID.MAP_FILE.108669966" superClass="com.ti.ccstudio.buildDefinitions.TMS470_18.12.linkerID.MAP_FILE" useByScannerDiscovery="false" value="${ProjName}.map" valueType="string"/>
								<option id="com.ti.ccstudio.buildDefinitions.TMS470_18.12.linkerID.XML_LINK_INFO.641554892" superClass="com.ti.ccstudio.buildDefinitions.TMS470_18.12.linkerID.XML_LINK_INFO" useByScannerDiscovery="false" value="${ProjName}_linkInfo.xml" valueType="string"/>
								<option id="com.ti.ccstudio.buildDefinitions.TMS470_18.12.linkerID.DISPLAY_ERROR_NUMBER.2030348847" superClass="com.ti.ccstudio.buildDefinitions.TMS470_18.12.linkerID.DISPLAY_ERROR_NUMBER" useByScannerDiscovery="false" value="true" valueType="boolean"/>
								<option id="com.ti.ccstudio.buildDefinitions.TMS470_18.12.linkerID.DIAG_WRAP.1313687258" superClass="com.ti.ccstudio.buildDefinitions.TMS470_18.12.linkerID.DIAG_WRAP" useByScannerDiscovery="false" value="com.ti.ccstudio.buildDefinitions.TMS470_18.12.linkerID.DIAG_WRAP.off" valueType="enumerated"/>
								<option id="com.ti.ccstudio.buildDefinitions.TMS470_18.12.linkerID.REREAD_LIBS.1844187766" superClass="com.ti.ccstudio.buildDefinitions.TMS470_18.12.linkerID.REREAD_LIBS" useByScannerDiscovery="false" value="false" valueType="boolean"/>
								<option IS_BUILTIN_EMPTY="false" IS_VALUE_EMPTY="false" id="com.ti.ccstudio.buildDefinitions.TMS470_18.12.linkerID.SEARCH_PATH.560501991" superClass="com.ti.ccstudio.buildDefinitions.TMS470_18.12.linkerID.SEARCH_PATH" valueType="libPaths">
									<listOptionValue builtIn="false" value="${INHERITED_LIBRARY_PATH}"/>
									<listOptionValue builtIn="false" value="${COM_TI_SIMPLELINK_CC13X0_SDK_INSTALL_DIR}/source"/>
									<listOptionValue builtIn="false" value="${COM_TI_SIMPLELINK_CC13X0_SDK_INSTALL_DIR}/kernel/tirtos/packages"/>
									<listOptionValue builtIn="false" value="${CG_TOOL_ROOT}/lib"/>
								</option>
								<option IS_BUILTIN_EMPTY="false" IS_VALUE_EMPTY="false" id="com.ti.ccstudio.buildDefinitions.TMS470_18.12.linkerID.LIBRARY.709355538" superClass="com.ti.ccstudio.buildDefinitions.TMS470_18.12.linkerID.LIBRARY" useByScannerDiscovery="false" valueType="libs">
									<listOptionValue builtIn="false" value="${INHERITED_LIBRARIES}"/>
									<listOptionValue builtIn="false" value="ti/display/lib/display.aem3"/>
									<listOptionValue builtIn="false" value="ti/grlib/lib/ccs/m3/grlib.a"/>
									<listOptionValue builtIn="false" value="third_party/spiffs/lib/ccs/m3/spiffs_cc26xx.a"/>
									<listOptionValue builtIn="false" value="ti/drivers/rf/lib/rf_multiMode_cc13x0.aem3"/>
									<listOptionValue builtIn="false" value="ti/drivers/lib/drivers_cc13x0.aem3"/>
									<listOptionValue builtIn="false" value="ti/dpl/lib/dpl_cc13x0.aem3"/>
									<listOptionValue builtIn="false" value="${GENERATED_LIBRARIES}"/>
									<listOptionValue builtIn="false" value="ti/devices/cc13x0/driverlib/bin/ccs/driverlib.lib"/>
									<listOptionValue builtIn="false" value="libc.a"/>
								</option>
								<inputType id="com.ti.ccstudio.buildDefinitions.TMS470_18.12.exeLinker.inputType__CMD_SRCS.804688515" name="Linker Command Files" superClass="com.ti.ccstudio.buildDefinitions.TMS470_18.12.exeLinker.inputType__CMD_SRCS"/>
								<inputType id="com.ti.ccstudio.buildDefinitions.TMS470_18.12.exeLinker.inputType__CMD2_SRCS.866682959" name="Linker Command Files" superClass="com.ti.ccstudio.buildDefinitions.TMS470_18.12.exeLinker.inputType__CMD2_SRCS"/>
								<inputType id="com.ti.ccstudio.buildDefinitions.TMS470_18.12.exeLinker.inputType__GEN_CMDS.1991032851" name="Generated Linker Command Files" superClass="com.ti.ccstudio.buildDefinitions.TMS470_18.12.exeLinker.inputType__GEN_CMDS"/>
							</tool>
							<tool id="com.ti.ccstudio.buildDefinitions.TMS470_18.12.hex.1017409464" name="ARM Hex Utility" superClass="com.ti.ccstudio.buildDefinitions.TMS470_18.12.hex"/>
						</toolChain>
					</folderInfo>
				</configuration>
			</storageModule>
			<storageModule moduleId="org.eclipse.cdt.core.externalSettings">
				<externalSettings containerId="tirtos_builds_CC1350_LAUNCHXL_release_ccs;com.ti.ccstudio.buildDefinitions.TMS470.Debug.1938913435" factoryId="org.eclipse.cdt.core.cfg.export.settings.sipplier"/>
			</storageModule>
		</cconfiguration>
		<cconfiguration id="com.ti.ccstudio.buildDefinitions.TMS470.Release.1669253827">
			<storageModule buildSystemId="org.eclipse.cdt.managedbuilder.core.configurationDataProvider" id="com.ti.ccstudio.buildDefinitions.TMS470.Release.1669253827" moduleId="org.eclipse.cdt.core.settings" name="Release">
				<externalSettings/>
				<extensions>
					<extension id="com.ti.ccstudio.binaryparser.CoffParser" point="org.eclipse.cdt.core.BinaryParser"/>
					<extension id="org.eclipse.cdt.core.GmakeErrorParser" point="org.eclipse.cdt.core.ErrorParser"/>
					<extension id="com.ti.ccstudio.errorparser.CoffErrorParser" point="org.eclipse.cdt.core.ErrorParser"/>
					<extension id="com.ti.ccstudio.errorparser.AsmErrorParser" point="org.eclipse.cdt.core.ErrorParser"/>
					<extension id="com.ti.ccstudio.errorparser.LinkErrorParser" point="org.eclipse.cdt.core.ErrorParser"/>
				</extensions>
			</storageModule>
			<storageModule moduleId="cdtBuildSystem" version="4.0.0">
				<configuration artifactExtension="out" artifactName="${ProjName}" buildProperties="" cleanCommand="${CG_CLEAN_CMD}" description="" id="com.ti.ccstudio.buildDefinitions.TMS470.Release.1669253827" name="Release" parent="com.ti.ccstudio.buildDefinitions.TMS470.Release" postbuildStep="         " prebuildStep="         ">
					<folderInfo id="com.ti.ccstudio.buildDefinitions.TMS470.Release.1669253827." name="/" resourcePath="">
						<toolChain id="com.ti.ccstudio.buildDefinitions.TMS470_18.12.exe.ReleaseToolchain.817746837" name="TI Build Tools" superClass="com.ti.ccstudio.buildDefinitions.TMS470_18.12.exe.ReleaseToolchain" targetTool="com.ti.ccstudio.buildDefinitions.TMS470_18.12.exe.linkerRelease.192411898">
							<option IS_BUILTIN_EMPTY="false" IS_VALUE_EMPTY="false" id="com.ti.ccstudio.buildDefinitions.core.OPT_TAGS.2056371692" superClass="com.ti.ccstudio.buildDefinitions.core.OPT_TAGS" valueType="stringList">
								<listOptionValue builtIn="false" value="DEVICE_CONFIGURATION_ID=Cortex M.CC1350F128"/>
								<listOptionValue builtIn="false" value="DEVICE_ENDIANNESS=little"/>
								<listOptionValue builtIn="false" value="OUTPUT_FORMAT=ELF"/>
								<listOptionValue builtIn="false" value="CCS_MBS_VERSION=6.1.3"/>
								<listOptionValue builtIn="false" value="RUNTIME_SUPPORT_LIBRARY="/>
								<listOptionValue builtIn="false" value="OUTPUT_TYPE=executable"/>
							</option>
							<option id="com.ti.ccstudio.buildDefinitions.core.OPT_CODEGEN_VERSION.1494221526" superClass="com.ti.ccstudio.buildDefinitions.core.OPT_CODEGEN_VERSION" value="18.12.2.LTS" valueType="string"/>
							<targetPlatform id="com.ti.ccstudio.buildDefinitions.TMS470_18.12.exe.targetPlatformRelease.1771790192" name="Platform" superClass="com.ti.ccstudio.buildDefinitions.TMS470_18.12.exe.targetPlatformRelease"/>
							<builder buildPath="${BuildDirectory}" id="com.ti.ccstudio.buildDefinitions.TMS470_18.12.exe.builderRelease.2063214094" name="GNU Make.Release" parallelBuildOn="true" parallelizationNumber="optimal" superClass="com.ti.ccstudio.buildDefinitions.TMS470_18.12.exe.builderRelease"/>
							<tool id="com.ti.ccstudio.buildDefinitions.TMS470_18.12.exe.compilerRelease.1897619697" name="ARM Compiler" superClass="com.ti.ccstudio.buildDefinitions.TMS470_18.12.exe.compilerRelease">
								<option IS_BUILTIN_EMPTY="false" IS_VALUE_EMPTY="false" id="com.ti.ccstudio.buildDefinitions.TMS470_18.12.compilerID.DIAG_WARNING.887287917" superClass="com.ti.ccstudio.buildDefinitions.TMS470_18.12.compilerID.DIAG_WARNING" useByScannerDiscovery="false" valueType="stringList">
									<listOptionValue builtIn="false" value="225"/>
									<listOptionValue builtIn="false" value="255"/>
								</option>
								<option id="com.ti.ccstudio.buildDefinitions.TMS470_18.12.compilerID.DISPLAY_ERROR_NUMBER.722840090" superClass="com.ti.ccstudio.buildDefinitions.TMS470_18.12.compilerID.DISPLAY_ERROR_NUMBER" useByScannerDiscovery="false" value="true" valueType="boolean"/>
								<option id="com.ti.ccstudio.buildDefinitions.TMS470_18.12.compilerID.DIAG_WRAP.1182327103" superClass="com.ti.ccstudio.buildDefinitions.TMS470_18.12.compilerID.DIAG_WRAP" useByScannerDiscovery="false" value="com.ti.ccstudio.buildDefinitions.TMS470_18.12.compilerID.DIAG_WRAP.off" valueType="enumerated"/>
								<option id="com.ti.ccstudio.buildDefinitions.TMS470_18.12.compilerID.LITTLE_ENDIAN.364738155" superClass="com.ti.ccstudio.buildDefinitions.TMS470_18.12.compilerID.LITTLE_ENDIAN" useByScannerDiscovery="false" value="true" valueType="boolean"/>
								<option IS_BUILTIN_EMPTY="false" IS_VALUE_EMPTY="false" id="com.ti.ccstudio.buildDefinitions.TMS470_18.12.compilerID.INCLUDE_PATH.1993334884" superClass="com.ti.ccstudio.buildDefinitions.TMS470_18.12.compilerID.INCLUDE_PATH" valueType="includePath">
									<listOptionValue builtIn="false" value="${INHERITED_INCLUDE_PATH}"/>
									<listOptionValue builtIn="false" value="${PROJECT_ROOT}"/>
									<listOptionValue builtIn="false" value="${COM_TI_SIMPLELINK_CC13X0_SDK_INSTALL_DIR}/source/ti/posix/ccs"/>
									<listOptionValue builtIn="false" value="${CG_TOOL_ROOT}/include"/>
								</option>
								<option IS_BUILTIN_EMPTY="false" IS_VALUE_EMPTY="false" id="com.ti.ccstudio.buildDefinitions.TMS470_18.12.compilerID.DEFINE.1944101806" superClass="com.ti.ccstudio.buildDefinitions.TMS470_18.12.compilerID.DEFINE" valueType="definedSymbols">
									<listOptionValue builtIn="false" value="${INHERITED_SYMBOLS}"/>
									<listOptionValue builtIn="false" value="DeviceFamily_CC13X0"/>
								</option>
								<option id="com.ti.ccstudio.buildDefinitions.TMS470_18.12.compilerID.SILICON_VERSION.711883260" superClass="com.ti.ccstudio.buildDefinitions.TMS470_18.12.compilerID.SILICON_VERSION" useByScannerDiscovery="false" value="com.ti.ccstudio.buildDefinitions.TMS470_18.12.compilerID.SILICON_VERSION.7M3" valueType="enumerated"/>
								<option id="com.ti.ccstudio.buildDefinitions.TMS470_18.12.compilerID.CODE_STATE.333730773" superClass="com.ti.ccstudio.buildDefinitions.TMS470_18.12.compilerID.CODE_STATE" useByScannerDiscovery="false" value="com.ti.ccstudio.buildDefinitions.TMS470_18.12.compilerID.CODE_STATE.16" valueType="enumerated"/>
								<option id="com.ti.ccstudio.buildDefinitions.TMS470_18.12.compilerID.GEN_FUNC_SUBSECTIONS.903206349" superClass="com.ti.ccstudio.buildDefinitions.TMS470_18.12.compilerID.GEN_FUNC_SUBSECTIONS" useByScannerDiscovery="false" value="com.ti.ccstudio.buildDefinitions.TMS470_18.12.compilerID.GEN_FUNC_SUBSECTIONS.on" valueType="enumerated"/>
								<option id="com.ti.ccstudio.buildDefinitions.TMS470_18.12.compilerID.FLOAT_SUPPORT.610128344" superClass="com.ti.ccstudio.buildDefinitions.TMS470_18.12.compilerID.FLOAT_SUPPORT" useByScannerDiscovery="false" value="com.ti.ccstudio.buildDefinitions.TMS470_18.12.compilerID.FLOAT_SUPPORT.vfplib" valueType="enumerated"/>
								<option id="com.ti.ccstudio.buildDefinitions.TMS470_18.12.compilerID.DEBUGGING_MODEL.259009968" superClass="com.ti.ccstudio.buildDefinitions.TMS470_18.12.compilerID.DEBUGGING_MODEL" useByScannerDiscovery="false" value="com.ti.ccstudio.buildDefinitions.TMS470_18.12.compilerID.DEBUGGING_MODEL.SYMDEBUG__DWARF" valueType="enumerated"/>
								<inputType id="com.ti.ccstudio.buildDefinitions.TMS470_18.12.compiler.inputType__C_SRCS.681877899" name="C Sources" superClass="com.ti.ccstudio.buildDefinitions.TMS470_18.12.compiler.inputType__C_SRCS"/>
								<inputType id="com.ti.ccstudio.buildDefinitions.TMS470_18.12.compiler.inputType__CPP_SRCS.490852129" name="C++ Sources" superClass="com.ti.ccstudio.buildDefinitions.TMS470_18.12.compiler.inputType__CPP_SRCS"/>
								<inputType id="com.ti.ccstudio.buildDefinitions.TMS470_18.12.compiler.inputType__ASM_SRCS.1753086295" name="Assembly Sources" superClass="com.ti.ccstudio.buildDefinitions.TMS470_18.12.compiler.inputType__ASM_SRCS"/>
								<inputType id="com.ti.ccstudio.buildDefinitions.TMS470_18.12.compiler.inputType__ASM2_SRCS.1125143822" name="Assembly Sources" superClass="com.ti.ccstudio.buildDefinitions.TMS470_18.12.compiler.inputType__ASM2_SRCS"/>
							</tool>
							<tool id="com.ti.ccstudio.buildDefinitions.TMS470_18.12.exe.linkerRelease.192411898" name="ARM Linker" superClass="com.ti.ccstudio.buildDefinitions.TMS470_18.12.exe.linkerRelease">
								<option id="com.ti.ccstudio.buildDefinitions.TMS470_18.12.linkerID.OUTPUT_FILE.631058372" superClass="com.ti.ccstudio.buildDefinitions.TMS470_18.12.linkerID.OUTPUT_FILE" useByScannerDiscovery="false" value="${ProjName}.out" valueType="string"/>
								<option id="com.ti.ccstudio.buildDefinitions.TMS470_18.12.linkerID.MAP_FILE.1799173289" superClass="com.ti.ccstudio.buildDefinitions.TMS470_18.12.linkerID.MAP_FILE" useByScannerDiscovery="false" value="${ProjName}.map" valueType="string"/>
								<option id="com.ti.ccstudio.buildDefinitions.TMS470_18.12.linkerID.XML_LINK_INFO.594686422" superClass="com.ti.ccstudio.buildDefinitions.TMS470_18.12.linkerID.XML_LINK_INFO" useByScannerDiscovery="false" value="${ProjName}_linkInfo.xml" valueType="string"/>
								<option id="com.ti.ccstudio.buildDefinitions.TMS470_18.12.linkerID.DISPLAY_ERROR_NUMBER.2076609714" superClass="com.ti.ccstudio.buildDefinitions.TMS470_18.12.linkerID.DISPLAY_ERROR_NUMBER" useByScannerDiscovery="false" value="true" valueType="boolean"/>
								<option id="com.ti.ccstudio.buildDefinitions.TMS470_18.12.linkerID.DIAG_WRAP.572703160" superClass="com.ti.ccstudio.buildDefinitions.TMS470_18.12.linkerID.DIAG_WRAP" useByScannerDiscovery="false" value="com.ti.ccstudio.buildDefinitions.TMS470_18.12.linkerID.DIAG_WRAP.off" valueType="enumerated"/>
								<option id="com.ti.ccstudio.buildDefinitions.TMS470_18.12.linkerID.REREAD_LIBS.224697357" superClass="com.ti.ccstudio.buildDefinitions.TMS470_18.12.linkerID.REREAD_LIBS" useByScannerDiscovery="false" value="false" valueType="boolean"/>
								<option IS_BUILTIN_EMPTY="false" IS_VALUE_EMPTY="false" id="com.ti.ccstudio.buildDefinitions.TMS470_18.12.linkerID.SEARCH_PATH.317255289" superClass="com.ti.ccstudio.buildDefinitions.TMS470_18.12.linkerID.SEARCH_PATH" valueType="libPaths">
									<listOptionValue builtIn="false" value="${INHERITED_LIBRARY_PATH}"/>
									<listOptionValue builtIn="false" value="${COM_TI_SIMPLELINK_CC13X0_SDK_INSTALL_DIR}/source"/>
									<listOptionValue builtIn="false" value="${COM_TI_SIMPLELINK_CC13X0_SDK_INSTALL_DIR}/kernel/tirtos/packages"/>
									<listOptionValue builtIn="false" value="${CG_TOOL_ROOT}/lib"/>
								</option>
								<option IS_BUILTIN_EMPTY="false" IS_VALUE_EMPTY="false" id="com.ti.ccstudio.buildDefinitions.TMS470_18.12.linkerID.LIBRARY.1547059408" superClass="com.ti.ccstudio.buildDefinitions.TMS470_18.12.linkerID.LIBRARY" useByScannerDiscovery="false" valueType="libs">
									<listOptionValue builtIn="false" value="${INHERITED_LIBRARIES}"/>
									<listOptionValue builtIn="false" value="ti/display/lib/display.aem3"/>
									<listOptionValue builtIn="false" value="ti/grlib/lib/ccs/m3/grlib.a"/>
									<listOptionValue builtIn="false" value="third_party/spiffs/lib/ccs/m3/spiffs_cc26xx.a"/>
									<listOptionValue builtIn="false" value="ti/drivers/rf/lib/rf_multiMode_cc13x0.aem3"/>
									<listOptionValue builtIn="false" value="ti/drivers/lib/drivers_cc13x0.aem3"/>
									<listOptionValue builtIn="false" value="ti/dpl/lib/dpl_cc13x0.aem3"/>
									<listOptionValue builtIn="false" value="${GENERATED_LIBRARIES}"/>
									<listOptionValue builtIn="false" value="ti/devices/cc13x0/driverlib/bin/ccs/driverlib.lib"/>
									<listOptionValue builtIn="false" value="libc.a"/>
								</option>
								<inputType id="com.ti.ccstudio.buildDefinitions.TMS470_18.12.exeLinker.inputType__CMD_SRCS.252111712" name="Linker Command Files" superClass="com.ti.ccstudio.buildDefinitions.TMS470_18.12.exeLinker.inputType__CMD_SRCS"/>
								<inputType id="com.ti.ccstudio.buildDefinitions.TMS470_18.12.exeLinker.inputType__CMD2_SRCS.792259299" name="Linker Command Files" superClass="com.ti.ccstudio.buildDefinitions.TMS470_18.12.exeLinker.inputType__CMD2_SRCS"/>
								<inputType id="com.ti.ccstudio.buildDefinitions.TMS470_18.12.exeLinker.inputType__GEN_CMDS.1830071876" name="Generated Linker Command Files" superClass="com.ti.ccstudio.buildDefinitions.TMS470_18.12.exeLinker.inputType__GEN_CMDS"/>
							</tool>
							<tool id="com.ti.ccstudio.buildDefinitions.TMS470_18.12.hex.556945619" name="ARM Hex Utility" superClass="com.ti.ccstudio.buildDefinitions.TMS470_18.12.hex"/>
						</toolChain>
					</folderInfo>
				</configuration>
			</storageModule>
			<storageModule moduleId="org.eclipse.cdt.core.externalSettings">
				<externalSettings containerId="tirtos_builds_CC1350_LAUNCHXL_release_ccs;com.ti.ccstudio.buildDefinitions.TMS470.Release.1542222271" factoryId="org.eclipse.cdt.core.cfg.export.settings.sipplier"/>
			</storageModule>
		</cconfiguration>
	</storageModule>
	<storageModule moduleId="org.eclipse.cdt.core.LanguageSettingsProviders"/>
	<storageModule moduleId="cdtBuildSystem" version="4.0.0">
		<project id="adcbufcontinuous_CC1350_LAUNCHXL_tirtos_ccs.com.ti.ccstudio.buildDefinitions.TMS470.ProjectType.2040603182" name="TMS470" projectType="com.ti.ccstudio.buildDefinitions.TMS470.ProjectType"/>
	</storageModule>
	<storageModule moduleId="scannerConfiguration"/>
</cproject>
